Unnamed: 0,Language,Party,Post,Username,New_Label
12,hi,AAP,Party Handle,AamAadmiParty,T
24,hi,AAP,Party Handle,AamAadmiParty,P
25,hi,AAP,Party Handle,AamAadmiParty,P
28,hi,AAP,Party Handle,AamAadmiParty,P
32,hi,AAP,Party Handle,AamAadmiParty,P
35,hi,AAP,Party Handle,AamAadmiParty,N
42,hi,AAP,Party Handle,AamAadmiParty,T
53,hi,AAP,Party Handle,AamAadmiParty,P
74,hi,AAP,Party Handle,AamAadmiParty,P
77,hi,AAP,Party Handle,AamAadmiParty,T
88,hi,AAP,Party Handle,AamAadmiParty,T
91,hi,AAP,Party Handle,AamAadmiParty,N
94,hi,AAP,Party Handle,AamAadmiParty,N
96,hi,AAP,Party Handle,AamAadmiParty,N
112,hi,AAP,Party Handle,AamAadmiParty,N
142,mr,BJP,Party Handle,BJP4India,N
153,hi,AAP,Party Handle,AamAadmiParty,N
160,hi,BJP,Party Handle,BJP4India,T
178,hi,AAP,Party Handle,AamAadmiParty,P
185,en,INC,Party Handle,INCIndia,P
205,hi,AAP,Party Handle,AamAadmiParty,T
221,hi,AAP,Party Handle,AamAadmiParty,T
236,hi,AAP,Party Handle,AamAadmiParty,T
255,hi,AAP,Party Handle,AamAadmiParty,N
297,hi,AAP,Party Handle,AamAadmiParty,P
327,hi,AAP,Party Handle,AamAadmiParty,N
330,hi,AAP,Party Handle,AamAadmiParty,T
357,hi,AAP,Party Handle,AamAadmiParty,T
395,en,AAP,Party Handle,AamAadmiParty,N
437,hi,AAP,Party Handle,AamAadmiParty,P
508,hi,AAP,Party Handle,AamAadmiParty,T
538,hi,AAP,Party Handle,AamAadmiParty,P
542,hi,AAP,Party Handle,AamAadmiParty,P
573,hi,SP,Party Handle,samajwadiparty,N
599,hi,AAP,Party Handle,AamAadmiParty,T
609,hi,AAP,Party Handle,AamAadmiParty,P
618,hi,AAP,Party Handle,AamAadmiParty,P
619,hi,AAP,Party Handle,AamAadmiParty,T
651,hi,AAP,Party Handle,AamAadmiParty,T
660,hi,AAP,Party Handle,AamAadmiParty,P
665,hi,AAP,Party Handle,AamAadmiParty,P
667,hi,AAP,Party Handle,AamAadmiParty,N
672,hi,AAP,Party Handle,AamAadmiParty,T
673,hi,AAP,Party Handle,AamAadmiParty,T
674,hi,AAP,Party Handle,AamAadmiParty,T
680,hi,AAP,Party Handle,AamAadmiParty,T
694,hi,AAP,Party Handle,AamAadmiParty,T
700,hi,AAP,Party Handle,AamAadmiParty,N
711,hi,AAP,Party Handle,AamAadmiParty,P
715,hi,AAP,Party Handle,AamAadmiParty,N
716,hi,AAP,Party Handle,AamAadmiParty,P
736,hi,AAP,Party Handle,AamAadmiParty,T
746,hi,AAP,Party Handle,AamAadmiParty,P
772,hi,AAP,Party Handle,AamAadmiParty,N
785,hi,SP,Party Handle,samajwadiparty,N
792,hi,AAP,Party Handle,AamAadmiParty,P
802,en,AAP,Party Handle,AamAadmiParty,T
812,hi,AAP,Party Handle,AamAadmiParty,N
852,en,AAP,Party Handle,AamAadmiParty,P
915,hi,AAP,Party Handle,AamAadmiParty,P
919,hi,AAP,Party Handle,AamAadmiParty,P
921,hi,AAP,Party Handle,AamAadmiParty,P
925,hi,AAP,Party Handle,AamAadmiParty,T
932,pa,Shiromani Akali Dal,Politician,HarsimratBadal_,N
936,pa,Shiromani Akali Dal,Politician,HarsimratBadal_,N
940,hi,AAP,Party Handle,AamAadmiParty,T
971,hi,AAP,Party Handle,AamAadmiParty,P
983,hi,AAP,Party Handle,AamAadmiParty,P
1031,en,AAP,Party Handle,AamAadmiParty,P
1035,hi,AAP,Party Handle,AamAadmiParty,P
1039,hi,SP,Party Handle,samajwadiparty,N
1045,hi,AAP,Party Handle,AamAadmiParty,N
1077,hi,AAP,Party Handle,AamAadmiParty,T
1079,hi,AAP,Party Handle,AamAadmiParty,P
1111,en,AAP,Party Handle,AamAadmiParty,N
1115,hi,AAP,Party Handle,AamAadmiParty,P
1120,hi,SP,Party Handle,samajwadiparty,N
1145,hi,AAP,Party Handle,AamAadmiParty,P
1174,hi,AAP,Party Handle,AamAadmiParty,P
1175,en,AAP,Party Handle,AamAadmiParty,P
1217,hi,AAP,Party Handle,AamAadmiParty,P
1277,en,AAP,Party Handle,AamAadmiParty,P
1302,hi,AIMIM,Politician,G5MSabir005,T
1319,en,AAP,Party Handle,AamAadmiParty,P
1334,hi,AAP,Party Handle,AamAadmiParty,T
1336,hi,AAP,Party Handle,AamAadmiParty,P
1355,hi,AAP,Party Handle,AamAadmiParty,N
1381,en,AAP,Party Handle,AamAadmiParty,T
1430,hi,AAP,Party Handle,AamAadmiParty,T
1465,hi,AAP,Party Handle,AamAadmiParty,T
1531,hi,BJP,Party Handle,BJP4India,N
1540,en,BJP,Party Handle,BJP4India,N
1546,hi,BJP,Party Handle,BJP4India,P
1589,en,BJP,Party Handle,BJP4India,N
1591,en,BJP,Party Handle,BJP4India,N
1594,hi,BJP,Party Handle,BJP4India,N
1597,hi,BJP,Party Handle,BJP4India,T
1602,hi,BJP,Party Handle,BJP4India,N
1633,hi,BJP,Party Handle,BJP4India,P
1635,hi,BJP,Party Handle,BJP4India,P
1657,hi,AIMIM,Politician,G5MSabir005,T
1659,en,BJP,Party Handle,BJP4India,N
1660,en,BJP,Party Handle,BJP4India,N
1697,hi,AIMIM,Politician,G5MSabir005,T
1698,hi,AIMIM,Politician,G5MSabir005,N
1709,hi,BJP,Party Handle,BJP4India,N
1715,hi,BJP,Party Handle,BJP4India,N
1772,hi,BJP,Party Handle,BJP4India,T
1785,hi,BJP,Party Handle,BJP4India,N
1828,hi,BJP,Party Handle,BJP4India,P
1831,hi,BJP,Party Handle,BJP4India,P
1832,hi,BJP,Party Handle,BJP4India,P
1849,hi,BJP,Party Handle,BJP4India,N
1856,hi,BJP,Party Handle,BJP4India,N
1883,en,BJP,Party Handle,BJP4India,N
1955,en,BJP,Party Handle,BJP4India,N
1968,hi,BJP,Party Handle,BJP4India,P
1969,hi,BJP,Party Handle,BJP4India,P
1979,hi,BJP,Party Handle,BJP4India,P
1990,hi,BJP,Party Handle,BJP4India,P
1992,hi,BJP,Party Handle,BJP4India,N
1994,hi,BJP,Party Handle,BJP4India,N
2078,hi,BJP,Party Handle,BJP4India,P
2081,hi,BJP,Party Handle,BJP4India,P
2088,hi,BJP,Party Handle,BJP4India,T
2089,hi,BJP,Party Handle,BJP4India,P
2134,hi,BJP,Party Handle,BJP4India,N
2142,hi,BJP,Party Handle,BJP4India,P
2143,hi,BJP,Party Handle,BJP4India,P
2146,hi,BJP,Party Handle,BJP4India,N
2171,hi,BJP,Party Handle,BJP4India,N
2179,hi,BJP,Party Handle,BJP4India,P
2181,hi,BJP,Party Handle,BJP4India,P
2183,hi,BJP,Party Handle,BJP4India,P
2184,hi,BJP,Party Handle,BJP4India,P
2200,hi,BJP,Party Handle,BJP4India,N
2201,hi,BJP,Party Handle,BJP4India,T
2223,hi,INC,Politician,AjayLalluINC,N
2235,hi,BJP,Party Handle,BJP4India,P
2241,hi,BJP,Party Handle,BJP4India,P
2252,hi,BJP,Party Handle,BJP4India,P
2262,en,BJP,Party Handle,BJP4India,N
2269,en,BJP,Party Handle,BJP4India,N
2308,hi,BJP,Party Handle,BJP4India,P
2313,hi,BJP,Party Handle,BJP4India,N
2314,hi,BJP,Party Handle,BJP4India,N
2326,hi,BJP,Party Handle,BJP4India,P
2337,hi,BJP,Party Handle,BJP4India,P
2359,hi,BJP,Party Handle,BJP4India,P
2375,hi,BJP,Party Handle,BJP4India,N
2381,en,BJP,Party Handle,BJP4India,N
2394,hi,BJP,Party Handle,BJP4India,P
2421,hi,BJP,Party Handle,BJP4India,P
2432,hi,BJP,Party Handle,BJP4India,N
2433,hi,BJP,Party Handle,BJP4India,P
2443,hi,BJP,Party Handle,BJP4India,T
2454,hi,BJP,Party Handle,BJP4India,P
2461,hi,BJP,Party Handle,BJP4India,P
2471,hi,AIMIM,Political Leader,asadowaisi,N
2505,hi,BJP,Party Handle,BJP4India,P
2510,hi,BJP,Party Handle,BJP4India,P
2512,hi,BJP,Party Handle,BJP4India,P
2516,hi,BJP,Party Handle,BJP4India,N
2533,pa,Shiromani Akali Dal,Politician,bsmajithia,N
2557,pa,Shiromani Akali Dal,Politician,officeofssbadal,N
2561,hi,BJP,Party Handle,BJP4India,T
2566,hi,BJP,Party Handle,BJP4India,P
2575,hi,BJP,Party Handle,BJP4India,P
2576,hi,BJP,Party Handle,BJP4India,T
2580,hi,BJP,Party Handle,BJP4India,T
2591,hi,BJP,Party Handle,BJP4India,P
2631,hi,BJP,Party Handle,BJP4India,P
2633,hi,BJP,Party Handle,BJP4India,T
2634,hi,BJP,Party Handle,BJP4India,N
2653,hi,BJP,Party Handle,BJP4India,P
2655,hi,BJP,Party Handle,BJP4India,P
2656,hi,BJP,Party Handle,BJP4India,P
2657,hi,BJP,Party Handle,BJP4India,T
2662,hi,BJP,Party Handle,BJP4India,N
2664,hi,BJP,Party Handle,BJP4India,P
2668,hi,BJP,Party Handle,BJP4India,P
2669,hi,BJP,Party Handle,BJP4India,P
2685,hi,BJP,Party Handle,BJP4India,T
2692,hi,BJP,Party Handle,BJP4India,N
2720,hi,BJP,Party Handle,BJP4India,T
2730,hi,BJP,Party Handle,BJP4India,T
2748,hi,BJP,Party Handle,BJP4India,P
2758,hi,BJP,Party Handle,BJP4India,P
2803,hi,BJP,Party Handle,BJP4India,P
2823,hi,BJP,Party Handle,BJP4India,P
2839,en,BJP,Party Handle,BJP4India,N
2851,hi,BJP,Party Handle,BJP4India,N
2857,hi,BJP,Party Handle,BJP4India,P
2864,hi,BJP,Party Handle,BJP4India,N
2871,hi,BJP,Party Handle,BJP4India,T
2877,hi,BJP,Party Handle,BJP4India,N
2884,hi,BJP,Party Handle,BJP4India,P
2892,hi,BJP,Party Handle,BJP4India,P
2894,hi,BJP,Party Handle,BJP4India,P
2896,hi,BJP,Party Handle,BJP4India,N
2897,hi,BJP,Party Handle,BJP4India,P
2904,hi,BJP,Party Handle,BJP4India,T
2907,hi,BJP,Party Handle,BJP4India,N
2920,hi,BJP,Party Handle,BJP4India,P
2935,hi,BJP,Party Handle,BJP4India,P
2936,hi,BJP,Party Handle,BJP4India,P
2937,hi,BJP,Party Handle,BJP4India,P
2941,hi,BJP,Party Handle,BJP4India,P
2945,hi,BJP,Party Handle,BJP4India,N
2947,en,BJP,Party Handle,BJP4India,N
2954,hi,BJP,Party Handle,BJP4India,P
2955,hi,BJP,Party Handle,BJP4India,P
2972,hi,BJP,Party Handle,BJP4India,P
2974,hi,BJP,Party Handle,BJP4India,N
2975,hi,BJP,Party Handle,BJP4India,P
2984,hi,BJP,Party Handle,BJP4India,P
2995,hi,BJP,Party Handle,BJP4India,N
2999,hi,BJP,Party Handle,BJP4India,N
3004,en,BJP,Party Handle,BJP4India,N
3018,en,BJP,Party Handle,BJP4India,N
3027,hi,BJP,Party Handle,BJP4India,P
3035,hi,BJP,Party Handle,BJP4India,P
3039,hi,BJP,Party Handle,BJP4India,P
3040,hi,BJP,Party Handle,BJP4India,N
3048,hi,BJP,Party Handle,BJP4India,N
3066,hi,BJP,Party Handle,BJP4India,T
3071,hi,BJP,Party Handle,BJP4India,P
3072,hi,BJP,Party Handle,BJP4India,T
3073,hi,BJP,Party Handle,BJP4India,P
3077,hi,BJP,Party Handle,BJP4India,P
3081,hi,BJP,Party Handle,BJP4India,N
3103,hi,BJP,Party Handle,BJP4India,P
3107,hi,BJP,Party Handle,BJP4India,P
3110,hi,BJP,Party Handle,BJP4India,P
3127,hi,BJP,Party Handle,BJP4India,T
3130,hi,BJP,Party Handle,BJP4India,T
3131,hi,BJP,Party Handle,BJP4India,T
3140,hi,BJP,Party Handle,BJP4India,N
3144,hi,BJP,Party Handle,BJP4India,P
3146,hi,BJP,Party Handle,BJP4India,P
3155,hi,BJP,Party Handle,BJP4India,N
3160,hi,BJP,Party Handle,BJP4India,N
3164,hi,BJP,Party Handle,BJP4India,T
3181,hi,BJP,Party Handle,BJP4India,N
3193,hi,BJP,Party Handle,BJP4India,N
3194,hi,BJP,Party Handle,BJP4India,T
3203,hi,BJP,Party Handle,BJP4India,P
3204,hi,BJP,Party Handle,BJP4India,P
3205,hi,BJP,Party Handle,BJP4India,P
3218,hi,BJP,Party Handle,BJP4India,P
3226,hi,BJP,Party Handle,BJP4India,P
3229,hi,BJP,Party Handle,BJP4India,P
3235,hi,BJP,Party Handle,BJP4India,P
3245,hi,BJP,Party Handle,BJP4India,N
3246,hi,BJP,Party Handle,BJP4India,P
3248,hi,BJP,Party Handle,BJP4India,P
3251,hi,BJP,Party Handle,BJP4India,N
3294,hi,BJP,Party Handle,BJP4India,P
3300,hi,BJP,Party Handle,BJP4India,P
3303,hi,BJP,Party Handle,BJP4India,N
3311,en,BJP,Party Handle,BJP4India,N
3319,hi,BJP,Party Handle,BJP4India,P
3323,hi,BJP,Party Handle,BJP4India,P
3324,hi,BJP,Party Handle,BJP4India,P
3329,en,BJP,Party Handle,BJP4India,N
3332,hi,BJP,Party Handle,BJP4India,P
3348,hi,BJP,Party Handle,BJP4India,N
3353,en,BJP,Party Handle,BJP4India,N
3356,hi,BJP,Party Handle,BJP4India,P
3386,hi,BJP,Party Handle,BJP4India,P
3399,hi,BJP,Party Handle,BJP4India,T
3408,hi,BJP,Party Handle,BJP4India,P
3409,hi,BJP,Party Handle,BJP4India,P
3413,hi,BJP,Party Handle,BJP4India,P
3414,hi,BJP,Party Handle,BJP4India,N
3438,hi,BJP,Party Handle,BJP4India,T
3442,hi,BJP,Party Handle,BJP4India,P
3443,hi,BJP,Party Handle,BJP4India,N
3454,hi,BJP,Party Handle,BJP4India,T
3493,en,BJP,Party Handle,BJP4India,N
3506,hi,BJP,Party Handle,BJP4India,P
3514,hi,BJP,Party Handle,BJP4India,P
3520,hi,BJP,Party Handle,BJP4India,N
3594,hi,BJP,Party Handle,BJP4India,T
3608,hi,BJP,Party Handle,BJP4India,T
3631,hi,BJP,Party Handle,BJP4India,T
3635,hi,BJP,Party Handle,BJP4India,P
3644,hi,BJP,Party Handle,BJP4India,T
3646,hi,BJP,Party Handle,BJP4India,P
3657,hi,BJP,Party Handle,BJP4India,P
3659,hi,BJP,Party Handle,BJP4India,N
3663,hi,BJP,Party Handle,BJP4India,P
3665,hi,BJP,Party Handle,BJP4India,P
3666,hi,BJP,Party Handle,BJP4India,P
3667,hi,BJP,Party Handle,BJP4India,P
3677,hi,BJP,Party Handle,BJP4India,T
3684,hi,BJP,Party Handle,BJP4India,N
3685,hi,BJP,Party Handle,BJP4India,P
3704,hi,BJP,Party Handle,BJP4India,N
3712,hi,BJP,Party Handle,BJP4India,P
3725,hi,BJP,Party Handle,BJP4India,P
3727,hi,BJP,Party Handle,BJP4India,N
3728,hi,BJP,Party Handle,BJP4India,T
3747,hi,BJP,Party Handle,BJP4India,P
3749,hi,BJP,Party Handle,BJP4India,P
3759,hi,BJP,Party Handle,BJP4India,P
3783,hi,BJP,Party Handle,BJP4India,N
3793,hi,BJP,Party Handle,BJP4India,P
3806,hi,BJP,Party Handle,BJP4India,P
3809,hi,BJP,Party Handle,BJP4India,T
3811,hi,BJP,Party Handle,BJP4India,P
3835,hi,BJP,Party Handle,BJP4India,P
3855,hi,BJP,Party Handle,BJP4India,P
3876,hi,BJP,Party Handle,BJP4India,N
3877,hi,BJP,Party Handle,BJP4India,P
3891,hi,BJP,Party Handle,BJP4India,T
3917,hi,BJP,Party Handle,BJP4India,N
3922,hi,BJP,Party Handle,BJP4India,P
3925,hi,BJP,Party Handle,BJP4India,P
3931,hi,BJP,Party Handle,BJP4India,N
3934,hi,BJP,Party Handle,BJP4India,N
3949,hi,BJP,Party Handle,BJP4India,P
3951,hi,BJP,Party Handle,BJP4India,P
3971,hi,BJP,Party Handle,BJP4India,P
3984,hi,BJP,Party Handle,BJP4India,T
3986,hi,BJP,Party Handle,BJP4India,P
3990,hi,BJP,Party Handle,BJP4India,P
4042,hi,BJP,Party Handle,BJP4India,P
4049,hi,BJP,Party Handle,BJP4India,P
4065,hi,BJP,Party Handle,BJP4India,T
4067,hi,BJP,Party Handle,BJP4India,T
4108,hi,BJP,Party Handle,BJP4India,N
4118,hi,BJP,Party Handle,BJP4India,T
4125,hi,BJP,Party Handle,BJP4India,P
4139,hi,BJP,Party Handle,BJP4India,N
4140,hi,BJP,Party Handle,BJP4India,P
4196,hi,BJP,Party Handle,BJP4India,T
4200,hi,BJP,Party Handle,BJP4India,P
4224,hi,BJP,Party Handle,BJP4India,T
4234,hi,BJP,Party Handle,BJP4India,P
4246,hi,BJP,Party Handle,BJP4India,T
4249,hi,BJP,Party Handle,BJP4India,T
4259,hi,BJP,Party Handle,BJP4India,T
4266,hi,BJP,Party Handle,BJP4India,P
4275,hi,BJP,Party Handle,BJP4India,N
4285,hi,BJP,Party Handle,BJP4India,P
4351,hi,BJP,Party Handle,BJP4India,P
4376,hi,BJP,Party Handle,BJP4India,N
4379,hi,BJP,Party Handle,BJP4India,P
4380,hi,BJP,Party Handle,BJP4India,P
4385,hi,BJP,Party Handle,BJP4India,T
4388,hi,BJP,Party Handle,BJP4India,P
4397,hi,BJP,Party Handle,BJP4India,P
4433,hi,BJP,Party Handle,BJP4India,P
4457,hi,BJP,Party Handle,BJP4India,N
4464,en,BJP,Party Handle,BJP4India,P
4477,en,BJP,Party Handle,BJP4India,P
4494,en,BJP,Party Handle,BJP4India,N
4496,hi,BJP,Party Handle,BJP4India,N
4508,en,BJP,Party Handle,BJP4India,N
4526,hi,BJP,Party Handle,BJP4India,P
4535,hi,BJP,Party Handle,BJP4India,P
4567,hi,BJP,Party Handle,BJP4India,P
4623,hi,BJP,Party Handle,BJP4India,N
4625,hi,BJP,Party Handle,BJP4India,P
4627,hi,BJP,Party Handle,BJP4India,N
4647,hi,BJP,Party Handle,BJP4India,N
4651,hi,BJP,Party Handle,BJP4India,N
4652,hi,BJP,Party Handle,BJP4India,T
4683,hi,BJP,Party Handle,BJP4India,T
4684,hi,BJP,Party Handle,BJP4India,N
4686,hi,BJP,Party Handle,BJP4India,N
4689,hi,BJP,Party Handle,BJP4India,P
4701,hi,BJP,Party Handle,BJP4India,N
4705,hi,BJP,Party Handle,BJP4India,P
4714,hi,BJP,Party Handle,BJP4India,P
4719,hi,BJP,Party Handle,BJP4India,N
4734,hi,BJP,Party Handle,BJP4India,P
4737,hi,BJP,Party Handle,BJP4India,P
4739,hi,BJP,Party Handle,BJP4India,P
4760,hi,BJP,Party Handle,BJP4India,N
4768,hi,BJP,Party Handle,BJP4India,T
4781,hi,BJP,Party Handle,BJP4India,N
4797,hi,BJP,Party Handle,BJP4India,N
4802,hi,BJP,Party Handle,BJP4India,T
4847,hi,BJP,Party Handle,BJP4India,P
4850,hi,BJP,Party Handle,BJP4India,P
4882,hi,BJP,Party Handle,BJP4India,P
4893,hi,BJP,Party Handle,BJP4India,N
4901,hi,BJP,Party Handle,BJP4India,P
4914,hi,BJP,Party Handle,BJP4India,N
4932,hi,BJP,Party Handle,BJP4India,P
4934,hi,BJP,Party Handle,BJP4India,P
4940,hi,BJP,Party Handle,BJP4India,P
4945,hi,BJP,Party Handle,BJP4India,P
4950,hi,BJP,Party Handle,BJP4India,P
4951,hi,BJP,Party Handle,BJP4India,P
4953,hi,BJP,Party Handle,BJP4India,P
4959,hi,BJP,Party Handle,BJP4India,P
4962,hi,BJP,Party Handle,BJP4India,P
4979,hi,BJP,Party Handle,BJP4India,T
4985,hi,BJP,Party Handle,BJP4India,T
4986,hi,BJP,Party Handle,BJP4India,P
4990,hi,BJP,Party Handle,BJP4India,P
5001,en,BJP,Party Handle,BJP4India,T
5011,en,BJP,Party Handle,BJP4India,N
5014,en,BJP,Party Handle,BJP4India,N
5162,en,BJP,Party Handle,BJP4India,N
5166,en,BJP,Party Handle,BJP4India,N
5178,hi,BJP,Party Handle,BJP4India,T
5254,hi,BJP,Party Handle,BJP4India,T
5258,hi,BJP,Party Handle,BJP4India,P
5259,hi,BJP,Party Handle,BJP4India,T
5260,hi,BJP,Party Handle,BJP4India,P
5300,hi,BJP,Party Handle,BJP4India,N
5301,hi,BJP,Party Handle,BJP4India,P
5317,hi,BJP,Party Handle,BJP4India,P
5324,hi,BJP,Party Handle,BJP4India,P
5331,hi,BJP,Party Handle,BJP4India,P
5332,hi,BJP,Party Handle,BJP4India,T
5340,hi,BJP,Party Handle,BJP4India,N
5344,hi,BJP,Party Handle,BJP4India,P
5345,hi,BJP,Party Handle,BJP4India,P
5359,hi,BJP,Party Handle,BJP4India,P
5366,hi,BJP,Party Handle,BJP4India,P
5367,hi,BJP,Party Handle,BJP4India,T
5369,hi,BJP,Party Handle,BJP4India,T
5373,hi,BJP,Party Handle,BJP4India,N
5374,hi,BJP,Party Handle,BJP4India,N
5385,hi,BJP,Party Handle,BJP4India,P
5386,hi,BJP,Party Handle,BJP4India,P
5388,hi,BJP,Party Handle,BJP4India,N
5389,hi,BJP,Party Handle,BJP4India,N
5410,hi,BJP,Party Handle,BJP4India,N
5443,hi,BJP,Party Handle,BJP4India,N
5446,hi,BJP,Party Handle,BJP4India,P
5450,hi,BJP,Party Handle,BJP4India,P
5470,hi,BJP,Party Handle,BJP4India,N
5473,hi,BJP,Party Handle,BJP4India,P
5475,hi,BJP,Party Handle,BJP4India,N
5476,hi,BJP,Party Handle,BJP4India,N
5510,hi,BJP,Party Handle,BJP4India,P
5521,hi,BJP,Party Handle,BJP4India,N
5592,hi,BJP,Party Handle,BJP4India,N
5593,hi,BJP,Party Handle,BJP4India,P
5697,hi,BJP,Party Handle,BJP4India,N
5751,hi,BJP,Party Handle,BJP4India,N
5761,en,BJP,Party Handle,BJP4India,P
5838,hi,BJP,Party Handle,BJP4India,N
5847,en,BJP,Party Handle,BJP4India,N
5915,hi,BJP,Party Handle,BJP4India,P
5972,hi,BJP,Party Handle,BJP4India,N
5982,en,BJP,Party Handle,BJP4India,N
6062,hi,BJP,Party Handle,BJP4India,N
6094,hi,BJP,Party Handle,BJP4India,N
6101,hi,BJP,Party Handle,BJP4India,P
6102,hi,BJP,Party Handle,BJP4India,P
6130,hi,BJP,Party Handle,BJP4India,P
6482,en,INC,Party Handle,INCIndia,P
6495,en,INC,Party Handle,INCIndia,T
6542,en,INC,Party Handle,INCIndia,T
6685,en,INC,Party Handle,INCIndia,P
6702,en,INC,Party Handle,INCIndia,P
6975,en,INC,Party Handle,INCIndia,P
7117,en,INC,Party Handle,INCIndia,P
7266,en,INC,Party Handle,INCIndia,N
7294,en,INC,Party Handle,INCIndia,N
7372,en,INC,Party Handle,INCIndia,T
7388,en,INC,Party Handle,INCIndia,P
7450,en,INC,Party Handle,INCIndia,P
7850,en,INC,Party Handle,INCIndia,P
8033,en,INC,Party Handle,INCIndia,P
8079,en,INC,Party Handle,INCIndia,T
8192,en,INC,Party Handle,INCIndia,P
8206,en,INC,Party Handle,INCIndia,P
8633,en,INC,Party Handle,INCIndia,P
8730,en,INC,Party Handle,INCIndia,P
9114,en,INC,Party Handle,INCIndia,N
9129,en,INC,Party Handle,INCIndia,T
9226,en,INC,Party Handle,INCIndia,P
9536,en,INC,Party Handle,INCIndia,P
9700,en,INC,Party Handle,INCIndia,P
9706,en,INC,Party Handle,INCIndia,P
9759,en,INC,Party Handle,INCIndia,T
9929,en,INC,Party Handle,INCIndia,T
10257,en,INC,Party Handle,INCIndia,P
10261,en,INC,Party Handle,INCIndia,P
10561,en,INC,Party Handle,INCIndia,P
10563,en,INC,Party Handle,INCIndia,P
10613,en,INC,Party Handle,INCIndia,T
10909,en,INC,Party Handle,INCIndia,T
11213,en,INC,Party Handle,INCIndia,P
11216,en,INC,Party Handle,INCIndia,P
11217,en,INC,Party Handle,INCIndia,P
11218,en,INC,Party Handle,INCIndia,P
11220,en,INC,Party Handle,INCIndia,P
11228,en,INC,Party Handle,INCIndia,P
11256,en,INC,Party Handle,INCIndia,P
11257,en,INC,Party Handle,INCIndia,P
11258,en,INC,Party Handle,INCIndia,P
11643,en,INC,Party Handle,INCIndia,T
11725,en,INC,Party Handle,INCIndia,T
11943,en,INC,Party Handle,INCIndia,P
12112,en,INC,Party Handle,INCIndia,P
12204,en,INC,Party Handle,INCIndia,P
12303,en,INC,Party Handle,INCIndia,P
121556,hi,AAP,Politician,ColAjayKothiyal,T
121629,hi,AAP,Politician,ColAjayKothiyal,P
121633,hi,AAP,Politician,ColAjayKothiyal,T
121697,hi,AAP,Politician,ColAjayKothiyal,P
121716,hi,AAP,Politician,ColAjayKothiyal,P
121745,hi,AAP,Politician,ColAjayKothiyal,T
121778,hi,AAP,Politician,ColAjayKothiyal,T
121783,hi,AAP,Politician,ColAjayKothiyal,P
121784,hi,AAP,Politician,ColAjayKothiyal,N
121790,hi,AAP,Politician,ColAjayKothiyal,P
121835,hi,AAP,Politician,ColAjayKothiyal,P
121951,hi,INC,Politician,AjayLalluINC,N
121955,hi,INC,Politician,AjayLalluINC,P
121971,hi,INC,Politician,AjayLalluINC,N
121996,hi,INC,Politician,AjayLalluINC,P
122058,hi,INC,Politician,AjayLalluINC,P
122065,hi,INC,Politician,AjayLalluINC,N
122095,hi,INC,Politician,AjayLalluINC,T
122120,hi,INC,Politician,AjayLalluINC,P
122131,hi,INC,Politician,AjayLalluINC,P
122134,hi,INC,Politician,AjayLalluINC,P
122140,hi,INC,Politician,AjayLalluINC,P
122197,hi,SP,Political Leader,yadavakhilesh,N
122210,hi,SP,Political Leader,yadavakhilesh,N
122219,hi,SP,Political Leader,yadavakhilesh,N
122222,hi,SP,Political Leader,yadavakhilesh,P
122283,hi,SP,Political Leader,yadavakhilesh,P
122288,hi,SP,Political Leader,yadavakhilesh,N
122320,hi,SP,Political Leader,yadavakhilesh,N
122327,hi,SP,Political Leader,yadavakhilesh,T
122386,hi,SP,Political Leader,yadavakhilesh,N
122394,hi,SP,Political Leader,yadavakhilesh,N
122408,hi,SP,Political Leader,yadavakhilesh,N
122477,en,AAP,Politician,AmitPalekar10,P
122478,en,AAP,Politician,AmitPalekar10,P
122480,en,AAP,Politician,AmitPalekar10,N
122489,en,AAP,Politician,AmitPalekar10,P
122491,en,AAP,Politician,AmitPalekar10,N
122535,hi,BJP,Politician,AmitShah,T
122591,en,BJP,Politician,AmitShah,N
122733,hi,BJP,Politician,AmitShah,P
122743,hi,BJP,Politician,AmitShah,P
122746,hi,BJP,Politician,AmitShah,P
122759,hi,BJP,Politician,AmitShah,N
122761,hi,BJP,Politician,AmitShah,P
122767,hi,BJP,Politician,AmitShah,P
122776,hi,BJP,Politician,AmitShah,P
122799,hi,BJP,Politician,AmitShah,N
122805,hi,BJP,Politician,AmitShah,P
122806,hi,BJP,Politician,AmitShah,P
122808,hi,BJP,Politician,AmitShah,P
122812,en,BJP,Politician,AmitShah,N
122818,hi,BJP,Politician,AmitShah,P
122821,hi,BJP,Politician,AmitShah,P
122832,hi,BJP,Politician,AmitShah,N
122838,hi,BJP,Politician,AmitShah,P
122839,hi,BJP,Politician,AmitShah,T
122842,hi,BJP,Politician,AmitShah,P
122859,hi,BJP,Politician,AmitShah,P
122898,hi,BJP,Politician,AmitShah,P
122906,hi,BJP,Politician,AmitShah,P
122907,hi,BJP,Politician,AmitShah,P
122909,hi,BJP,Politician,AmitShah,P
122910,hi,BJP,Politician,AmitShah,P
122911,hi,BJP,Politician,AmitShah,P
122933,hi,BJP,Politician,AmitShah,P
122947,hi,BJP,Politician,AmitShah,P
122950,hi,BJP,Politician,AmitShah,P
122951,hi,BJP,Politician,AmitShah,N
122968,hi,BJP,Politician,AmitShah,N
122973,hi,BJP,Politician,AmitShah,P
123015,hi,BJP,Politician,AmitShah,P
123031,hi,BJP,Politician,AmitShah,P
123037,hi,BJP,Politician,AmitShah,P
123040,hi,BJP,Politician,AmitShah,P
123041,hi,BJP,Politician,AmitShah,P
123049,hi,BJP,Politician,AmitShah,P
123050,hi,BJP,Politician,AmitShah,P
123071,en,BJP,Politician,AmitShah,N
123077,en,BJP,Politician,AmitShah,P
123101,hi,BJP,Politician,AmitShah,N
123105,hi,BJP,Politician,AmitShah,P
123106,hi,BJP,Politician,AmitShah,P
123129,hi,BJP,Politician,AmitShah,P
123131,hi,BJP,Politician,AmitShah,T
123138,hi,BJP,Politician,AmitShah,N
123141,hi,BJP,Politician,AmitShah,P
123145,hi,BJP,Politician,AmitShah,N
123180,hi,BJP,Politician,AmitShah,N
123290,en,INC,Politician,AnandSharmaINC,P
123602,hi,AAP,Political Leader,ArvindKejriwal,T
123603,hi,AAP,Political Leader,ArvindKejriwal,T
123605,hi,AAP,Political Leader,ArvindKejriwal,N
123639,en,AAP,Political Leader,ArvindKejriwal,P
123640,hi,AAP,Political Leader,ArvindKejriwal,T
123646,hi,AAP,Political Leader,ArvindKejriwal,T
123678,hi,AAP,Political Leader,ArvindKejriwal,P
123706,en,AAP,Political Leader,ArvindKejriwal,N
123729,hi,AAP,Political Leader,ArvindKejriwal,P
123770,hi,AAP,Political Leader,ArvindKejriwal,N
123782,hi,AAP,Political Leader,ArvindKejriwal,T
123784,en,AAP,Political Leader,ArvindKejriwal,P
123887,hi,SP,Politician,aashishsy,T
123890,hi,SP,Politician,aashishsy,T
123895,hi,SP,Politician,aashishsy,T
123909,hi,SP,Politician,aashishsy,N
123916,hi,SP,Politician,aashishsy,N
123921,hi,SP,Politician,aashishsy,T
123924,hi,SP,Politician,aashishsy,P
123934,hi,SP,Politician,aashishsy,T
123943,hi,SP,Politician,aashishsy,N
123947,hi,SP,Politician,aashishsy,T
123948,hi,SP,Politician,aashishsy,T
123952,hi,SP,Politician,aashishsy,P
123962,hi,SP,Politician,aashishsy,P
123972,hi,SP,Politician,aashishsy,P
123973,hi,SP,Politician,aashishsy,T
123974,hi,SP,Politician,aashishsy,T
123985,hi,SP,Politician,aashishsy,N
123994,hi,SP,Politician,aashishsy,T
123997,hi,SP,Politician,aashishsy,T
123999,hi,SP,Politician,aashishsy,T
124005,hi,SP,Politician,aashishsy,N
124014,hi,BJP,Politician,AshwaniSBJP,N
124164,hi,Rashtriya Lok Dal,Politician,AvtarBhadanaMP,P
124192,hi,Rashtriya Lok Dal,Politician,AvtarBhadanaMP,T
124207,hi,Rashtriya Lok Dal,Politician,AvtarBhadanaMP,P
124229,hi,Rashtriya Lok Dal,Politician,AvtarBhadanaMP,P
124253,hi,Rashtriya Lok Dal,Politician,AvtarBhadanaMP,P
124279,hi,Rashtriya Lok Dal,Politician,AvtarBhadanaMP,N
124384,hi,BJP,Politician,ianuragthakur,P
124385,hi,BJP,Politician,ianuragthakur,P
124386,hi,BJP,Politician,ianuragthakur,P
124398,hi,BJP,Politician,ianuragthakur,T
124410,hi,BJP,Politician,ianuragthakur,N
124419,hi,BJP,Politician,ianuragthakur,T
124420,hi,BJP,Politician,ianuragthakur,P
124437,hi,BJP,Politician,ianuragthakur,P
124438,hi,BJP,Politician,ianuragthakur,P
124448,hi,BJP,Politician,ianuragthakur,P
124462,hi,BJP,Politician,ianuragthakur,P
124470,hi,BJP,Politician,ianuragthakur,P
124471,hi,BJP,Politician,ianuragthakur,P
124484,hi,BJP,Politician,ianuragthakur,P
124505,hi,BJP,Politician,ianuragthakur,N
124521,hi,BJP,Politician,ianuragthakur,P
124555,hi,BJP,Politician,ianuragthakur,P
124556,hi,BJP,Politician,ianuragthakur,P
124639,en,AIMIM,Political Leader,asadowaisi,N
124650,en,AIMIM,Political Leader,asadowaisi,P
124675,hi,AIMIM,Political Leader,asadowaisi,P
124719,hi,AIMIM,Political Leader,asadowaisi,T
124720,en,AIMIM,Political Leader,asadowaisi,T
124730,hi,AIMIM,Political Leader,asadowaisi,T
124748,hi,AIMIM,Political Leader,asadowaisi,T
124777,en,AIMIM,Political Leader,asadowaisi,P
124826,en,AIMIM,Political Leader,asadowaisi,P
124827,hi,AIMIM,Political Leader,asadowaisi,P
124832,hi,AIMIM,Political Leader,asadowaisi,P
124833,en,AIMIM,Political Leader,asadowaisi,P
124849,en,AIMIM,Political Leader,asadowaisi,P
124858,en,AIMIM,Political Leader,asadowaisi,P
124862,en,AIMIM,Political Leader,asadowaisi,P
124864,en,AIMIM,Political Leader,asadowaisi,P
124873,en,AIMIM,Political Leader,asadowaisi,P
124877,en,AIMIM,Political Leader,asadowaisi,P
124878,en,AIMIM,Political Leader,asadowaisi,T
124881,en,AIMIM,Political Leader,asadowaisi,P
125047,en,Shiromani Akali Dal,Politician,bsmajithia,P
125063,en,Shiromani Akali Dal,Politician,bsmajithia,P
125094,en,Shiromani Akali Dal,Politician,officeofssbadal,P
125104,en,Shiromani Akali Dal,Politician,officeofssbadal,P
125105,en,Shiromani Akali Dal,Politician,officeofssbadal,P
125106,en,Shiromani Akali Dal,Politician,officeofssbadal,P
125110,en,Shiromani Akali Dal,Politician,officeofssbadal,T
125112,en,Shiromani Akali Dal,Politician,officeofssbadal,P
125192,en,Shiromani Akali Dal,Politician,officeofssbadal,P
125194,en,Shiromani Akali Dal,Politician,officeofssbadal,P
125246,en,Shiromani Akali Dal,Politician,officeofssbadal,P
125305,en,Shiromani Akali Dal,Politician,officeofssbadal,P
125319,en,Shiromani Akali Dal,Politician,officeofssbadal,P
125356,hi,AAP,Political Leader,BhagwantMann,N
127318,en,BJP,Politician,BjpBiplab,P
127990,en,INC,Politician,capt_amarinder,T
128020,en,INC,Politician,capt_amarinder,T
128087,en,INC,Politician,capt_amarinder,P
128088,en,INC,Politician,capt_amarinder,P
128170,en,INC,Political Leader,CHARANJITCHANNI,P
128202,en,INC,Political Leader,CHARANJITCHANNI,N
130117,hi,Azad Samaj Party,Political Leader,BhimArmyChief,P
130120,hi,Azad Samaj Party,Political Leader,BhimArmyChief,P
130123,hi,Azad Samaj Party,Political Leader,BhimArmyChief,T
130135,hi,Azad Samaj Party,Political Leader,BhimArmyChief,P
130138,hi,Azad Samaj Party,Political Leader,BhimArmyChief,P
130139,hi,Azad Samaj Party,Political Leader,BhimArmyChief,P
130140,hi,Azad Samaj Party,Political Leader,BhimArmyChief,T
130144,hi,Azad Samaj Party,Political Leader,BhimArmyChief,P
130150,hi,Azad Samaj Party,Political Leader,BhimArmyChief,P
130154,hi,Azad Samaj Party,Political Leader,BhimArmyChief,P
130155,hi,Azad Samaj Party,Political Leader,BhimArmyChief,P
130168,hi,Azad Samaj Party,Political Leader,BhimArmyChief,P
130171,hi,Azad Samaj Party,Political Leader,BhimArmyChief,P
130176,hi,Azad Samaj Party,Political Leader,BhimArmyChief,P
130178,hi,Azad Samaj Party,Political Leader,BhimArmyChief,P
130185,hi,Azad Samaj Party,Political Leader,BhimArmyChief,P
130188,hi,Azad Samaj Party,Political Leader,BhimArmyChief,P
130224,hi,Azad Samaj Partyno-,Political Leader,BhimArmyChief,N
130227,hi,Azad Samaj Party,Political Leader,BhimArmyChief,P
130325,en,INC,Politician,digambarkamat,P
130339,en,INC,Politician,digambarkamat,P
130341,en,INC,Politician,digambarkamat,P
130373,en,INC,Politician,digambarkamat,P
130382,en,INC,Politician,digambarkamat,P
131062,en,BJP,Political Leader,DrPramodPSawant,P
131063,en,BJP,Political Leader,DrPramodPSawant,P
131082,en,BJP,Political Leader,DrPramodPSawant,P
131083,en,BJP,Political Leader,DrPramodPSawant,P
131124,en,BJP,Political Leader,DrPramodPSawant,T
131300,en,BJP,Political Leader,DrPramodPSawant,T
131573,en,INC,Politician,digvijaya_28,P
131587,en,INC,Politician,digvijaya_28,P
131838,en,INC,Politician,digvijaya_28,P
131937,hi,INC,Politician,digvijaya_28,N
132071,hi,INC,Politician,digvijaya_28,P
133091,hi,INC,Politician,harishrawatcmuk,N
133211,en,INC,Politician,harishrawatcmuk,N
133403,hi,INC,Politician,harishrawatcmuk,N
133491,en,Shiromani Akali Dal,Politician,HarsimratBadal_,P
133511,en,Shiromani Akali Dal,Politician,HarsimratBadal_,P
133513,en,Shiromani Akali Dal,Politician,HarsimratBadal_,P
133516,en,Shiromani Akali Dal,Politician,HarsimratBadal_,T
133553,en,Shiromani Akali Dal,Politician,HarsimratBadal_,P
133560,en,Shiromani Akali Dal,Politician,HarsimratBadal_,P
133561,en,Shiromani Akali Dal,Politician,HarsimratBadal_,P
133585,en,Shiromani Akali Dal,Politician,HarsimratBadal_,P
133604,en,Shiromani Akali Dal,Politician,HarsimratBadal_,P
133612,en,Shiromani Akali Dal,Politician,HarsimratBadal_,P
134040,hi,BJP,Political Leader,himantabiswa,N
134128,hi,BJP,Political Leader,himantabiswa,T
135053,hi,BJP,Political Leader,himantabiswa,N
135357,hi,AAP,Politician,jeevanjyot20,P
135364,hi,AAP,Politician,jeevanjyot20,P
136190,hi,BJP,Politician,jayantrld,N
136212,en,BJP,Politician,jayantrld,N
136222,en,BJP,Politician,jayantrld,P
136248,hi,BJP,Politician,jayantrld,N
136270,hi,BJP,Politician,jayantrld,N
136283,hi,BJP,Politician,jayantrld,N
136545,hi,BJP,Politician,kpmaurya1,N
136598,hi,BJP,Politician,kpmaurya1,N
136641,hi,BJP,Politician,kpmaurya1,N
136647,hi,BJP,Politician,kpmaurya1,N
136799,hi,BJP,Politician,kpmaurya1,N
136806,hi,BJP,Politician,kpmaurya1,N
136832,hi,BJP,Politician,kpmaurya1,P
136833,hi,BJP,Politician,kpmaurya1,P
136848,hi,BJP,Politician,kpmaurya1,T
136849,hi,BJP,Politician,kpmaurya1,P
136850,hi,BJP,Politician,kpmaurya1,P
136851,hi,BJP,Politician,kpmaurya1,T
136852,hi,BJP,Politician,kpmaurya1,T
136860,hi,BJP,Politician,kpmaurya1,P
136875,hi,BJP,Politician,kpmaurya1,N
136943,hi,BJP,Politician,kpmaurya1,P
136944,hi,BJP,Politician,kpmaurya1,P
136958,hi,BJP,Politician,kpmaurya1,P
136965,hi,BJP,Politician,kpmaurya1,N
136966,hi,BJP,Politician,kpmaurya1,T
137004,hi,BJP,Politician,kpmaurya1,N
137007,hi,BJP,Politician,kpmaurya1,P
137013,hi,BJP,Politician,kpmaurya1,T
137064,hi,BJP,Politician,kpmaurya1,T
137085,hi,BJP,Politician,kpmaurya1,P
137086,hi,BJP,Politician,kpmaurya1,N
137096,hi,BJP,Politician,kpmaurya1,P
137155,hi,BJP,Politician,kpmaurya1,P
137167,hi,BJP,Politician,kpmaurya1,T
137209,hi,BJP,Politician,kpmaurya1,P
137229,hi,BJP,Politician,kpmaurya1,P
137293,hi,BJP,Politician,kpmaurya1,P
137297,hi,BJP,Politician,kpmaurya1,N
137396,hi,BJP,Politician,kpmaurya1,P
137405,hi,BJP,Politician,kpmaurya1,N
137437,hi,BJP,Politician,kpmaurya1,P
137487,hi,BJP,Politician,kpmaurya1,N
137527,hi,BJP,Politician,kpmaurya1,N
137536,hi,BJP,Politician,kpmaurya1,P
137547,hi,BJP,Politician,kpmaurya1,N
137551,hi,BJP,Politician,kpmaurya1,N
137589,hi,BJP,Politician,kpmaurya1,T
137605,hi,BJP,Politician,kpmaurya1,P
137612,hi,BJP,Politician,kpmaurya1,N
137647,hi,BJP,Politician,kpmaurya1,P
137648,hi,BJP,Politician,kpmaurya1,P
137651,hi,BJP,Politician,kpmaurya1,T
137654,hi,BJP,Politician,kpmaurya1,T
137688,hi,BJP,Politician,kpmaurya1,P
137704,hi,BJP,Politician,kpmaurya1,T
137746,hi,BJP,Politician,kpmaurya1,T
137766,hi,BJP,Politician,kpmaurya1,T
137779,hi,BJP,Politician,kpmaurya1,N
137794,hi,BJP,Politician,kpmaurya1,T
137801,hi,BJP,Politician,kpmaurya1,N
137870,hi,BJP,Politician,kpmaurya1,T
137913,hi,BJP,Politician,kpmaurya1,T
137935,hi,BJP,Politician,kpmaurya1,P
137945,hi,BJP,Politician,kpmaurya1,T
137972,hi,BJP,Politician,kpmaurya1,N
137979,hi,BJP,Politician,kpmaurya1,N
137999,hi,BJP,Politician,kpmaurya1,N
138007,hi,BJP,Politician,kpmaurya1,T
138009,hi,BJP,Politician,kpmaurya1,T
138015,hi,BJP,Politician,kpmaurya1,T
138020,hi,BJP,Politician,kpmaurya1,N
138055,hi,BJP,Politician,kpmaurya1,N
138073,hi,BJP,Politician,kpmaurya1,P
138074,hi,BJP,Politician,kpmaurya1,P
138091,hi,BJP,Politician,kpmaurya1,N
138098,hi,BJP,Politician,kpmaurya1,P
138107,hi,BJP,Politician,kpmaurya1,P
138109,hi,BJP,Politician,kpmaurya1,T
138116,hi,BJP,Politician,kpmaurya1,P
138117,hi,BJP,Politician,kpmaurya1,P
138135,hi,BJP,Politician,kpmaurya1,T
138147,hi,BJP,Politician,kpmaurya1,N
138161,hi,BJP,Politician,kpmaurya1,T
138175,hi,BJP,Politician,kpmaurya1,P
138206,hi,BJP,Politician,kpmaurya1,T
138230,hi,BJP,Politician,kpmaurya1,P
138234,hi,BJP,Politician,kpmaurya1,P
138266,hi,BJP,Politician,kpmaurya1,N
138280,hi,BJP,Politician,kpmaurya1,P
138316,hi,BJP,Politician,kpmaurya1,N
138327,hi,BJP,Politician,kpmaurya1,N
138353,hi,BJP,Politician,kpmaurya1,P
138392,hi,BJP,Politician,kpmaurya1,T
138458,hi,BJP,Politician,kpmaurya1,P
138480,hi,BJP,Politician,kpmaurya1,P
138481,hi,BJP,Politician,kpmaurya1,P
138495,hi,BJP,Politician,kpmaurya1,T
138686,hi,AIMIM,Politician,G5MSabir005,N
138689,hi,AIMIM,Politician,G5MSabir005,T
138701,hi,AIMIM,Politician,G5MSabir005,P
138727,hi,AIMIM,Politician,G5MSabir005,T
138763,hi,AIMIM,Politician,G5MSabir005,N
138768,hi,AIMIM,Politician,G5MSabir005,T
138810,hi,AIMIM,Politician,G5MSabir005,T
138812,hi,AIMIM,Politician,G5MSabir005,P
138815,hi,AIMIM,Politician,G5MSabir005,T
138873,hi,AIMIM,Politician,G5MSabir005,T
138884,hi,AIMIM,Politician,G5MSabir005,T
138894,hi,AIMIM,Politician,G5MSabir005,P
138917,hi,AIMIM,Politician,G5MSabir005,N
138940,hi,AIMIM,Politician,G5MSabir005,T
138988,hi,AIMIM,Politician,G5MSabir005,T
138991,hi,AIMIM,Politician,G5MSabir005,P
139030,hi,AIMIM,Politician,G5MSabir005,T
139064,hi,AIMIM,Politician,G5MSabir005,T
139305,hi,AIMIM,Politician,G5MSabir005,P
139404,hi,AIMIM,Politician,G5MSabir005,T
139407,hi,AIMIM,Politician,G5MSabir005,T
139424,hi,AIMIM,Politician,G5MSabir005,N
139665,hi,BSP,Political Leader,Mayawati,P
139701,hi,BSP,Political Leader,Mayawati,T
139709,hi,BSP,Political Leader,Mayawati,P
140372,hi,AAP,Politician,msisodia,P
140374,hi,AAP,Politician,msisodia,T
140382,hi,AAP,Politician,msisodia,N
141416,hi,BJP,Political Leader,narendramodi,P
141457,hi,BJP,Political Leader,narendramodi,P
141460,hi,BJP,Political Leader,narendramodi,P
141461,hi,BJP,Political Leader,narendramodi,P
141498,hi,BJP,Political Leader,narendramodi,N
141939,hi,BJP,Political Leader,narendramodi,P
143157,hi,BJP,Politician,PankajSinghBJP,P
143190,hi,BJP,Politician,PankajSinghBJP,N
143191,hi,BJP,Politician,PankajSinghBJP,P
143218,hi,BJP,Politician,PankajSinghBJP,N
143259,hi,BJP,Politician,PankajSinghBJP,P
143371,hi,BJP,Politician,PankajSinghBJP,N
143398,hi,BJP,Politician,PankajSinghBJP,P
143769,en,BJP,Politician,PemaKhanduBJP,N
144121,en,BJP,Politician,PemaKhanduBJP,N
144205,en,BJP,Politician,PemaKhanduBJP,N
144243,hi,INC,Politician,incpritamsingh,P
144267,hi,INC,Politician,incpritamsingh,P
144316,hi,INC,Politician,incpritamsingh,T
144319,hi,INC,Politician,incpritamsingh,P
144345,hi,INC,Politician,incpritamsingh,T
144372,hi,INC,Politician,incpritamsingh,N
144406,hi,INC,Politician,incpritamsingh,P
144442,hi,INC,Politician,incpritamsingh,N
144581,hi,INC,Politician,incpritamsingh,P
144643,hi,INC,Politician,priyankagandhi,P
144663,hi,INC,Politician,priyankagandhi,P
144698,hi,INC,Politician,priyankagandhi,P
144722,hi,INC,Politician,priyankagandhi,P
144730,hi,INC,Politician,priyankagandhi,P
144732,hi,INC,Politician,priyankagandhi,P
144733,hi,INC,Politician,priyankagandhi,T
144748,hi,INC,Politician,priyankagandhi,P
144761,hi,INC,Politician,priyankagandhi,P
144781,hi,INC,Politician,priyankagandhi,T
144814,hi,SP,Politician,proframgopalya1,P
145018,hi,BJP,Political Leader,pushkardhami,N
145526,hi,BJP,Political Leader,pushkardhami,N
145537,hi,BJP,Political Leader,pushkardhami,N
145558,hi,BJP,Political Leader,pushkardhami,T
146046,hi,BJP,Political Leader,pushkardhami,P
146215,hi,BJP,Politician,PiyushGoyal,N
146232,en,BJP,Politician,PiyushGoyal,N
146243,hi,BJP,Politician,PiyushGoyal,N
146338,hi,BJP,Politician,PiyushGoyal,N
146390,hi,BJP,Politician,PiyushGoyal,T
146469,hi,BJP,Politician,PiyushGoyal,T
147040,hi,INC,Political Leader,RahulGandhi,T
147042,hi,INC,Political Leader,RahulGandhi,P
147063,hi,INC,Political Leader,RahulGandhi,P
147064,en,INC,Political Leader,RahulGandhi,P
147087,hi,INC,Political Leader,RahulGandhi,P
147101,en,INC,Political Leader,RahulGandhi,P
147102,en,INC,Political Leader,RahulGandhi,P
147117,en,INC,Political Leader,RahulGandhi,P
147121,en,INC,Political Leader,RahulGandhi,P
147122,en,INC,Political Leader,RahulGandhi,T
147124,en,INC,Political Leader,RahulGandhi,P
147131,en,INC,Political Leader,RahulGandhi,P
147132,hi,INC,Political Leader,RahulGandhi,P
147161,hi,INC,Political Leader,RahulGandhi,N
147163,hi,INC,Political Leader,RahulGandhi,P
147165,en,INC,Political Leader,RahulGandhi,T
147173,hi,INC,Political Leader,RahulGandhi,P
147188,hi,INC,Political Leader,RahulGandhi,P
147199,hi,INC,Political Leader,RahulGandhi,P
147407,hi,BJP,Political Leader,rajnathsingh,P
147440,hi,BJP,Political Leader,rajnathsingh,P
147441,hi,BJP,Political Leader,rajnathsingh,T
147523,hi,BJP,Political Leader,rajnathsingh,T
147524,hi,BJP,Political Leader,rajnathsingh,P
147541,hi,BJP,Political Leader,rajnathsingh,P
147678,hi,Shiv Sena,Politician,rautsanjay61,T
147684,hi,Shiv Sena,Politician,rautsanjay61,N
147813,en,BJP,Politician,KirenRijiju,N
147969,hi,BJP,Politician,KirenRijiju,P
148017,en,BJP,Politician,KirenRijiju,P
148637,hi,INC,Politician,SachinPilot,P
148794,hi,Bhagwa Kranti Sena,Politician,Sadhvi_prachi,N
148795,hi,Bhagwa Kranti Sena,Politician,Sadhvi_prachi,N
148849,hi,Bhagwa Kranti Sena,Politician,Sadhvi_prachi,T
148881,hi,Bhagwa Kranti Sena,Politician,Sadhvi_prachi,T
148965,hi,Bhagwa Kranti Sena,Politician,Sadhvi_prachi,T
148967,hi,Bhagwa Kranti Sena,Politician,Sadhvi_prachi,N
148973,hi,Bhagwa Kranti Sena,Politician,Sadhvi_prachi,N
149024,hi,Bhagwa Kranti Sena,Politician,Sadhvi_prachi,P
149035,hi,Bhagwa Kranti Sena,Politician,Sadhvi_prachi,P
149088,hi,Bhagwa Kranti Sena,Politician,Sadhvi_prachi,N
149099,hi,Bhagwa Kranti Sena,Politician,Sadhvi_prachi,T
149101,hi,Bhagwa Kranti Sena,Politician,Sadhvi_prachi,N
149114,hi,Bhagwa Kranti Sena,Politician,Sadhvi_prachi,T
149123,hi,Bhagwa Kranti Sena,Politician,Sadhvi_prachi,N
149140,hi,Bhagwa Kranti Sena,Politician,Sadhvi_prachi,T
149205,hi,Bhagwa Kranti Sena,Politician,Sadhvi_prachi,N
149269,hi,Bhagwa Kranti Sena,Politician,Sadhvi_prachi,P
149270,hi,Bhagwa Kranti Sena,Politician,Sadhvi_prachi,P
149271,hi,Bhagwa Kranti Sena,Politician,Sadhvi_prachi,P
149334,hi,Bhagwa Kranti Sena,Politician,Sadhvi_prachi,N
149341,hi,Bhagwa Kranti Sena,Politician,Sadhvi_prachi,P
149350,hi,Bhagwa Kranti Sena,Politician,Sadhvi_prachi,N
149401,hi,Bhagwa Kranti Sena,Politician,Sadhvi_prachi,N
149500,hi,AAP,Politician,SanjayAzadSln,N
149544,hi,AAP,Politician,SanjayAzadSln,T
149552,hi,AAP,Politician,SanjayAzadSln,N
149570,hi,AAP,Politician,SanjayAzadSln,P
149572,hi,AAP,Politician,SanjayAzadSln,P
149579,hi,AAP,Politician,SanjayAzadSln,P
149582,hi,AAP,Politician,SanjayAzadSln,T
149603,hi,AAP,Politician,SanjayAzadSln,P
149607,hi,AAP,Politician,SanjayAzadSln,P
149608,hi,AAP,Politician,SanjayAzadSln,P
149610,hi,AAP,Politician,SanjayAzadSln,P
149614,hi,AAP,Politician,SanjayAzadSln,P
149616,hi,AAP,Politician,SanjayAzadSln,T
149627,hi,AAP,Politician,SanjayAzadSln,T
149630,hi,AAP,Politician,SanjayAzadSln,P
149645,hi,AAP,Politician,SanjayAzadSln,P
149646,hi,AAP,Politician,SanjayAzadSln,T
149658,hi,AAP,Politician,SanjayAzadSln,T
149660,hi,AAP,Politician,SanjayAzadSln,T
149684,hi,AAP,Politician,SanjayAzadSln,P
149687,hi,AAP,Politician,SanjayAzadSln,P
149689,hi,AAP,Politician,SanjayAzadSln,P
149692,hi,AAP,Politician,SanjayAzadSln,P
149700,hi,AAP,Politician,SanjayAzadSln,T
149703,hi,AAP,Politician,SanjayAzadSln,T
149704,hi,AAP,Politician,SanjayAzadSln,P
149709,hi,AAP,Politician,SanjayAzadSln,T
149713,hi,AAP,Politician,SanjayAzadSln,T
149715,hi,AAP,Politician,SanjayAzadSln,P
149730,hi,AAP,Politician,SanjayAzadSln,N
149965,hi,BJP,Politician,Satishmahanaup,P
150218,hi,SP,Politician,shivpalsinghyad,N
150250,hi,SP,Politician,shivpalsinghyad,N
150258,hi,SP,Politician,shivpalsinghyad,N
150327,en,INC,Politician,sherryontopp,P
150353,en,INC,Politician,sherryontopp,P
150355,en,INC,Politician,sherryontopp,P
150356,en,INC,Politician,sherryontopp,P
150369,en,INC,Politician,sherryontopp,P
150371,en,INC,Politician,sherryontopp,T
150428,hi,BJP,Politician,BjpSudhakar1988,T
150474,hi,BJP,Politician,BjpSudhakar1988,N
150547,en,INC,Politician,Sukhjinder_INC,P
150574,en,INC,Politician,SukhpalKhaira,P
150625,hi,SP,Politician,SwamiPMaurya,N
150630,hi,SP,Politician,SwamiPMaurya,P
150640,hi,SP,Politician,SwamiPMaurya,T
150641,hi,SP,Politician,SwamiPMaurya,T
150649,hi,SP,Politician,SwamiPMaurya,P
150659,hi,SP,Politician,SwamiPMaurya,T
150666,hi,SP,Politician,SwamiPMaurya,N
150676,hi,SP,Politician,SwamiPMaurya,N
150689,hi,SP,Politician,SwamiPMaurya,P
150690,hi,SP,Politician,SwamiPMaurya,P
150691,hi,SP,Politician,SwamiPMaurya,T
150850,hi,BJP,Politician,swatantrabjp,P
150852,hi,BJP,Politician,swatantrabjp,P
150859,hi,BJP,Politician,swatantrabjp,T
150967,hi,BJP,Politician,swatantrabjp,T
151002,hi,BJP,Politician,swatantrabjp,P
151021,hi,BJP,Politician,swatantrabjp,N
151032,hi,BJP,Politician,swatantrabjp,T
151045,hi,BJP,Politician,swatantrabjp,N
151048,hi,BJP,Politician,swatantrabjp,P
151053,hi,BJP,Politician,swatantrabjp,T
151066,hi,BJP,Politician,swatantrabjp,N
151067,hi,BJP,Politician,swatantrabjp,N
151077,hi,BJP,Politician,swatantrabjp,P
151087,hi,BJP,Politician,swatantrabjp,P
151095,hi,BJP,Politician,swatantrabjp,N
151115,hi,BJP,Politician,swatantrabjp,T
151473,en,INC,Politician,ShashiTharoor,N
151519,en,INC,Politician,ShashiTharoor,P
151791,en,INC,Politician,ShashiTharoor,P
152129,hi,BJP,Politician,smritiirani,P
153063,hi,BJP,Politician,smritiirani,N
153064,hi,BJP,Politician,smritiirani,T
153146,hi,BJP,Political Leader,smritiirani,T
153382,en,INC,Political Leader,SoniaGandhi_FC,T
153396,hi,BJP,Politician,sunilbansalbjp,N
153420,hi,BJP,Politician,sunilbansalbjp,N
153438,hi,BJP,Politician,sunilbansalbjp,P
153477,hi,SP,Politician,sunilyadv_unnao,P
153493,hi,SP,Politician,sunilyadv_unnao,T
153500,hi,SP,Politician,sunilyadv_unnao,P
153512,hi,SP,Politician,sunilyadv_unnao,P
154006,hi,Rashtriya Janta Dal,Politician,TejYadav14,N
154355,en,goa forward party,Politician,VijaiSardesai,N
154372,hi,BJP,Politician,varungandhi80,T
154743,hi,BJP,Political Leader,myogiadityanath,N
154829,hi,BJP,Political Leader,myogiadityanath,P
154830,hi,BJP,Political Leader,myogiadityanath,P
154850,hi,BJP,Political Leader,myogiadityanath,P
155311,hi,BJP,Political Leader,myogiadityanath,T
155421,hi,BJP,Political Leader,myogiadityanath,T
155504,hi,BJP,Political Leader,myogiadityanath,P
155624,hi,BJP,Political Leader,myogiadityanath,T
155676,hi,BJP,Political Leader,myogiadityanath,T
156163,hi,BJP,Political Leader,myogiadityanath,P
156171,hi,BJP,Political Leader,myogiadityanath,P
156199,hi,BJP,Political Leader,myogiadityanath,P
156211,hi,BJP,Political Leader,myogiadityanath,P
156213,hi,BJP,Political Leader,myogiadityanath,P
156219,hi,BJP,Political Leader,myogiadityanath,N
156341,hi,BJP,Political Leader,myogiadityanath,T
156421,hi,BJP,Political Leader,myogiadityanath,P
156422,hi,BJP,Political Leader,myogiadityanath,P
156426,hi,BJP,Political Leader,myogiadityanath,N
156494,hi,BJP,Political Leader,myogiadityanath,T
156496,hi,BJP,Political Leader,myogiadityanath,T
156504,hi,BJP,Political Leader,myogiadityanath,T
156507,hi,BJP,Political Leader,myogiadityanath,P
156550,hi,BJP,Political Leader,myogiadityanath,P
156557,hi,BJP,Political Leader,myogiadityanath,P
156558,hi,BJP,Political Leader,myogiadityanath,P
156571,hi,BJP,Political Leader,myogiadityanath,P
156632,hi,BJP,Political Leader,myogiadityanath,P
156640,hi,BJP,Political Leader,myogiadityanath,T
156652,hi,BJP,Political Leader,myogiadityanath,T
156733,hi,BJP,Political Leader,myogiadityanath,P
156735,hi,BJP,Political Leader,myogiadityanath,P
156737,hi,BJP,Political Leader,myogiadityanath,N
156741,hi,BJP,Political Leader,myogiadityanath,P
156789,hi,BJP,Political Leader,myogiadityanath,P
156803,hi,Rashtriya Janta Dal,Political Leader,yadavtejashwi,N
156804,hi,Rashtriya Janta Dal,Political Leader,yadavtejashwi,P
156812,hi,Rashtriya Janta Dal,Political Leader,yadavtejashwi,T
162623,hi,SP,Party Handle,samajwadiparty,P
162633,hi,SP,Party Handle,samajwadiparty,T
162637,hi,SP,Party Handle,samajwadiparty,N
162638,hi,SP,Party Handle,samajwadiparty,P
162639,hi,SP,Party Handle,samajwadiparty,P
162651,hi,SP,Party Handle,samajwadiparty,N
162662,hi,SP,Party Handle,samajwadiparty,N
162666,hi,SP,Party Handle,samajwadiparty,P
162671,hi,SP,Party Handle,samajwadiparty,N
162672,hi,SP,Party Handle,samajwadiparty,N
162683,hi,SP,Party Handle,samajwadiparty,P
162684,hi,SP,Party Handle,samajwadiparty,P
162685,hi,SP,Party Handle,samajwadiparty,P
162686,hi,SP,Party Handle,samajwadiparty,N
162691,hi,SP,Party Handle,samajwadiparty,N
162692,hi,SP,Party Handle,samajwadiparty,N
162693,hi,SP,Party Handle,samajwadiparty,N
162700,hi,SP,Party Handle,samajwadiparty,P
162709,hi,SP,Party Handle,samajwadiparty,N
162710,hi,SP,Party Handle,samajwadiparty,T
162712,hi,SP,Party Handle,samajwadiparty,P
162714,hi,SP,Party Handle,samajwadiparty,P
162720,hi,SP,Party Handle,samajwadiparty,N
162721,hi,SP,Party Handle,samajwadiparty,P
162725,hi,SP,Party Handle,samajwadiparty,N
162735,hi,SP,Party Handle,samajwadiparty,N
162742,hi,SP,Party Handle,samajwadiparty,N
162753,hi,SP,Party Handle,samajwadiparty,N
162754,hi,SP,Party Handle,samajwadiparty,P
162757,hi,SP,Party Handle,samajwadiparty,T
162761,hi,SP,Party Handle,samajwadiparty,T
162771,hi,SP,Party Handle,samajwadiparty,N
162775,hi,SP,Party Handle,samajwadiparty,N
162776,hi,SP,Party Handle,samajwadiparty,N
162778,hi,SP,Party Handle,samajwadiparty,N
162792,hi,SP,Party Handle,samajwadiparty,N
162794,hi,SP,Party Handle,samajwadiparty,N
162797,hi,SP,Party Handle,samajwadiparty,N
162798,hi,SP,Party Handle,samajwadiparty,N
162799,hi,SP,Party Handle,samajwadiparty,N
162807,hi,SP,Party Handle,samajwadiparty,T
162810,hi,SP,Party Handle,samajwadiparty,N
162811,hi,SP,Party Handle,samajwadiparty,N
162820,hi,SP,Party Handle,samajwadiparty,N
162821,hi,SP,Party Handle,samajwadiparty,N
162832,hi,SP,Party Handle,samajwadiparty,N
162858,hi,SP,Party Handle,samajwadiparty,N
162882,hi,SP,Party Handle,samajwadiparty,P
162884,hi,SP,Party Handle,samajwadiparty,N
162918,hi,SP,Party Handle,samajwadiparty,P
162956,hi,SP,Party Handle,samajwadiparty,P
163011,hi,SP,Party Handle,samajwadiparty,N
163064,hi,SP,Party Handle,samajwadiparty,N
163065,hi,SP,Party Handle,samajwadiparty,N
163076,hi,SP,Party Handle,samajwadiparty,N
163083,hi,SP,Party Handle,samajwadiparty,N
163091,hi,SP,Party Handle,samajwadiparty,N
163185,hi,SP,Party Handle,samajwadiparty,N
163223,hi,SP,Party Handle,samajwadiparty,N
163229,hi,SP,Party Handle,samajwadiparty,N
163260,hi,SP,Party Handle,samajwadiparty,N
163261,hi,SP,Party Handle,samajwadiparty,N
163265,hi,SP,Party Handle,samajwadiparty,N
163290,hi,SP,Party Handle,samajwadiparty,P
163297,hi,SP,Party Handle,samajwadiparty,N
163304,hi,SP,Party Handle,samajwadiparty,N
163327,hi,SP,Party Handle,samajwadiparty,P
163333,hi,SP,Party Handle,samajwadiparty,T
163336,hi,SP,Party Handle,samajwadiparty,N
163356,hi,SP,Party Handle,samajwadiparty,N
163360,hi,SP,Party Handle,samajwadiparty,P
163366,hi,SP,Party Handle,samajwadiparty,P
163391,hi,SP,Party Handle,samajwadiparty,P
163392,hi,SP,Party Handle,samajwadiparty,N
163394,hi,SP,Party Handle,samajwadiparty,N
163396,hi,SP,Party Handle,samajwadiparty,N
163398,hi,SP,Party Handle,samajwadiparty,P
163401,hi,SP,Party Handle,samajwadiparty,N
163406,hi,SP,Party Handle,samajwadiparty,N
163427,hi,SP,Party Handle,samajwadiparty,N
163447,hi,SP,Party Handle,samajwadiparty,N
163451,hi,SP,Party Handle,samajwadiparty,T
163452,hi,SP,Party Handle,samajwadiparty,P
163493,hi,SP,Party Handle,samajwadiparty,N
163506,hi,SP,Party Handle,samajwadiparty,N
163510,hi,SP,Party Handle,samajwadiparty,N
163514,hi,SP,Party Handle,samajwadiparty,N
163523,hi,SP,Party Handle,samajwadiparty,P
163527,hi,SP,Party Handle,samajwadiparty,N
163572,hi,SP,Party Handle,samajwadiparty,P
163575,hi,SP,Party Handle,samajwadiparty,N
163615,hi,SP,Party Handle,samajwadiparty,P
163616,hi,SP,Party Handle,samajwadiparty,N
163631,hi,SP,Party Handle,samajwadiparty,N
163633,hi,SP,Party Handle,samajwadiparty,N
163656,hi,SP,Party Handle,samajwadiparty,P
163701,hi,SP,Party Handle,samajwadiparty,N
163713,hi,SP,Party Handle,samajwadiparty,N
163716,hi,SP,Party Handle,samajwadiparty,N
163732,hi,SP,Party Handle,samajwadiparty,N
163750,hi,SP,Party Handle,samajwadiparty,P
163763,hi,SP,Party Handle,samajwadiparty,T
163808,hi,SP,Party Handle,samajwadiparty,N
163813,hi,SP,Party Handle,samajwadiparty,T
163834,hi,SP,Party Handle,samajwadiparty,T
163853,hi,SP,Party Handle,samajwadiparty,N
163895,hi,SP,Party Handle,samajwadiparty,P
163923,hi,SP,Party Handle,samajwadiparty,N
163940,hi,SP,Party Handle,samajwadiparty,P
163942,hi,SP,Party Handle,samajwadiparty,P
163943,hi,SP,Party Handle,samajwadiparty,N
163948,hi,SP,Party Handle,samajwadiparty,T
163983,hi,SP,Party Handle,samajwadiparty,P
163989,hi,SP,Party Handle,samajwadiparty,P
163990,hi,SP,Party Handle,samajwadiparty,N
163992,hi,SP,Party Handle,samajwadiparty,P
163998,hi,SP,Party Handle,samajwadiparty,P
164008,hi,SP,Party Handle,samajwadiparty,N
164018,hi,SP,Party Handle,samajwadiparty,N
164020,hi,SP,Party Handle,samajwadiparty,N
164023,hi,SP,Party Handle,samajwadiparty,N
164033,hi,SP,Party Handle,samajwadiparty,N
164037,hi,SP,Party Handle,samajwadiparty,T
164049,hi,SP,Party Handle,samajwadiparty,P
164055,hi,SP,Party Handle,samajwadiparty,N
164072,hi,SP,Party Handle,samajwadiparty,N
164073,hi,SP,Party Handle,samajwadiparty,N
164080,hi,SP,Party Handle,samajwadiparty,N
164083,hi,SP,Party Handle,samajwadiparty,P
164085,hi,SP,Party Handle,samajwadiparty,T
164092,hi,SP,Party Handle,samajwadiparty,T
164097,hi,SP,Party Handle,samajwadiparty,P
164098,hi,SP,Party Handle,samajwadiparty,N
164110,hi,SP,Party Handle,samajwadiparty,P
164127,hi,SP,Party Handle,samajwadiparty,P
164128,hi,SP,Party Handle,samajwadiparty,T
164135,hi,SP,Party Handle,samajwadiparty,T
164138,hi,SP,Party Handle,samajwadiparty,N
164142,hi,SP,Party Handle,samajwadiparty,N
164155,hi,SP,Party Handle,samajwadiparty,N
164165,hi,SP,Party Handle,samajwadiparty,N
164170,hi,SP,Party Handle,samajwadiparty,N
164184,hi,SP,Party Handle,samajwadiparty,N
164187,hi,SP,Party Handle,samajwadiparty,N
164190,hi,SP,Party Handle,samajwadiparty,P
164195,hi,SP,Party Handle,samajwadiparty,P
164196,hi,SP,Party Handle,samajwadiparty,N
164199,hi,SP,Party Handle,samajwadiparty,N
164201,hi,SP,Party Handle,samajwadiparty,P
164205,hi,SP,Party Handle,samajwadiparty,T
164208,hi,SP,Party Handle,samajwadiparty,N
164215,hi,SP,Party Handle,samajwadiparty,N
164226,hi,SP,Party Handle,samajwadiparty,N
164249,hi,SP,Party Handle,samajwadiparty,N
164252,hi,SP,Party Handle,samajwadiparty,N
164264,hi,SP,Party Handle,samajwadiparty,N
164278,hi,SP,Party Handle,samajwadiparty,N
164279,hi,SP,Party Handle,samajwadiparty,N
164280,hi,SP,Party Handle,samajwadiparty,P
164281,hi,SP,Party Handle,samajwadiparty,T
164290,hi,SP,Party Handle,samajwadiparty,T
164306,hi,SP,Party Handle,samajwadiparty,T
164307,hi,SP,Party Handle,samajwadiparty,P
164308,hi,SP,Party Handle,samajwadiparty,T
164311,hi,SP,Party Handle,samajwadiparty,T
164338,hi,SP,Party Handle,samajwadiparty,P
164359,hi,SP,Party Handle,samajwadiparty,N
164364,hi,SP,Party Handle,samajwadiparty,N
164390,hi,SP,Party Handle,samajwadiparty,N
164398,hi,SP,Party Handle,samajwadiparty,N
164405,hi,SP,Party Handle,samajwadiparty,N
164434,hi,SP,Party Handle,samajwadiparty,N
164497,hi,SP,Party Handle,samajwadiparty,P
164507,hi,SP,Party Handle,samajwadiparty,N
164519,hi,SP,Party Handle,samajwadiparty,P
164520,hi,SP,Party Handle,samajwadiparty,P
164571,hi,SP,Party Handle,samajwadiparty,N
164591,hi,SP,Party Handle,samajwadiparty,N
164592,hi,SP,Party Handle,samajwadiparty,N
164595,hi,SP,Party Handle,samajwadiparty,N
164601,hi,SP,Party Handle,samajwadiparty,N
164602,hi,SP,Party Handle,samajwadiparty,N
164632,hi,SP,Party Handle,samajwadiparty,N
164661,hi,SP,Party Handle,samajwadiparty,N
164667,hi,SP,Party Handle,samajwadiparty,N
164710,hi,SP,Party Handle,samajwadiparty,N
164712,hi,SP,Party Handle,samajwadiparty,T
164715,hi,SP,Party Handle,samajwadiparty,N
164718,hi,SP,Party Handle,samajwadiparty,N
164722,hi,SP,Party Handle,samajwadiparty,N
164741,hi,SP,Party Handle,samajwadiparty,N
164748,hi,SP,Party Handle,samajwadiparty,N
164792,hi,SP,Party Handle,samajwadiparty,T
164803,hi,SP,Party Handle,samajwadiparty,N
164804,hi,SP,Party Handle,samajwadiparty,P
164816,hi,SP,Party Handle,samajwadiparty,P
164830,hi,SP,Party Handle,samajwadiparty,T
164841,hi,SP,Party Handle,samajwadiparty,N
164844,hi,SP,Party Handle,samajwadiparty,P
164868,hi,SP,Party Handle,samajwadiparty,T
164876,hi,SP,Party Handle,samajwadiparty,P
164885,hi,SP,Party Handle,samajwadiparty,P
164888,hi,SP,Party Handle,samajwadiparty,P
164931,hi,SP,Party Handle,samajwadiparty,P
164934,hi,SP,Party Handle,samajwadiparty,P
164958,hi,SP,Party Handle,samajwadiparty,N
164960,hi,SP,Party Handle,samajwadiparty,P
164966,hi,SP,Party Handle,samajwadiparty,N
165006,hi,SP,Party Handle,samajwadiparty,N
165008,hi,SP,Party Handle,samajwadiparty,N
165022,hi,SP,Party Handle,samajwadiparty,N
165036,hi,SP,Party Handle,samajwadiparty,T
165040,hi,SP,Party Handle,samajwadiparty,N
165077,hi,SP,Party Handle,samajwadiparty,T
165079,hi,SP,Party Handle,samajwadiparty,P
165116,hi,SP,Party Handle,samajwadiparty,P
165117,hi,SP,Party Handle,samajwadiparty,N
165131,hi,SP,Party Handle,samajwadiparty,P
165138,hi,SP,Party Handle,samajwadiparty,N
165146,hi,SP,Party Handle,samajwadiparty,T
165149,hi,SP,Party Handle,samajwadiparty,N
165163,hi,SP,Party Handle,samajwadiparty,T
165166,hi,SP,Party Handle,samajwadiparty,T
165172,hi,SP,Party Handle,samajwadiparty,T
165176,hi,SP,Party Handle,samajwadiparty,P
165178,hi,SP,Party Handle,samajwadiparty,N
165179,hi,SP,Party Handle,samajwadiparty,T
165181,hi,SP,Party Handle,samajwadiparty,T
165182,hi,SP,Party Handle,samajwadiparty,T
165183,hi,SP,Party Handle,samajwadiparty,N
165185,hi,SP,Party Handle,samajwadiparty,T
165207,hi,SP,Party Handle,samajwadiparty,N
165212,hi,SP,Party Handle,samajwadiparty,N
165214,hi,SP,Party Handle,samajwadiparty,N
165217,hi,SP,Party Handle,samajwadiparty,N
165230,hi,SP,Party Handle,samajwadiparty,N
165231,hi,SP,Party Handle,samajwadiparty,N
165236,hi,SP,Party Handle,samajwadiparty,T
165246,hi,SP,Party Handle,samajwadiparty,N
165264,hi,SP,Party Handle,samajwadiparty,N
165266,hi,SP,Party Handle,samajwadiparty,N
165273,hi,SP,Party Handle,samajwadiparty,N
165276,hi,SP,Party Handle,samajwadiparty,N
165283,hi,SP,Party Handle,samajwadiparty,N
165288,hi,SP,Party Handle,samajwadiparty,N
165311,hi,SP,Party Handle,samajwadiparty,P
165323,hi,SP,Party Handle,samajwadiparty,N
165347,hi,SP,Party Handle,samajwadiparty,N
165366,hi,SP,Party Handle,samajwadiparty,T
165422,hi,SP,Party Handle,samajwadiparty,N
165435,hi,SP,Party Handle,samajwadiparty,N
165456,hi,SP,Party Handle,samajwadiparty,P
165468,hi,SP,Party Handle,samajwadiparty,N
165481,hi,SP,Party Handle,samajwadiparty,N
165573,hi,SP,Party Handle,samajwadiparty,N
165578,hi,SP,Party Handle,samajwadiparty,N
165579,hi,SP,Party Handle,samajwadiparty,T
165589,hi,SP,Party Handle,samajwadiparty,N
165590,hi,SP,Party Handle,samajwadiparty,N
165615,hi,SP,Party Handle,samajwadiparty,N
165618,hi,SP,Party Handle,samajwadiparty,N
165620,hi,SP,Party Handle,samajwadiparty,T
165625,hi,SP,Party Handle,samajwadiparty,P
165626,hi,SP,Party Handle,samajwadiparty,T
165639,hi,SP,Party Handle,samajwadiparty,T
165641,hi,SP,Party Handle,samajwadiparty,P
165645,hi,SP,Party Handle,samajwadiparty,N
165646,hi,SP,Party Handle,samajwadiparty,N
165649,hi,SP,Party Handle,samajwadiparty,N
165655,hi,SP,Party Handle,samajwadiparty,N
165676,hi,SP,Party Handle,samajwadiparty,N
165683,hi,SP,Party Handle,samajwadiparty,T
165687,hi,SP,Party Handle,samajwadiparty,T
165696,hi,SP,Party Handle,samajwadiparty,N
165719,hi,SP,Party Handle,samajwadiparty,N
165754,hi,SP,Party Handle,samajwadiparty,N
165756,hi,SP,Party Handle,samajwadiparty,N
165781,hi,SP,Party Handle,samajwadiparty,N
165785,hi,SP,Party Handle,samajwadiparty,T
165787,hi,SP,Party Handle,samajwadiparty,T
165791,hi,SP,Party Handle,samajwadiparty,N
165812,hi,SP,Party Handle,samajwadiparty,T
165839,hi,SP,Party Handle,samajwadiparty,N
165853,hi,SP,Party Handle,samajwadiparty,N
165854,hi,SP,Party Handle,samajwadiparty,N
165860,hi,SP,Party Handle,samajwadiparty,N
165864,hi,SP,Party Handle,samajwadiparty,N
165867,hi,SP,Party Handle,samajwadiparty,N
165876,hi,SP,Party Handle,samajwadiparty,N
165879,hi,SP,Party Handle,samajwadiparty,N
165890,hi,SP,Party Handle,samajwadiparty,N
165902,hi,SP,Party Handle,samajwadiparty,N
165903,hi,SP,Party Handle,samajwadiparty,N
165909,hi,SP,Party Handle,samajwadiparty,N
165914,hi,SP,Party Handle,samajwadiparty,N
165929,hi,SP,Party Handle,samajwadiparty,P
165936,hi,SP,Party Handle,samajwadiparty,N
165942,hi,SP,Party Handle,samajwadiparty,N
165956,hi,SP,Party Handle,samajwadiparty,T
165965,hi,SP,Party Handle,samajwadiparty,N
166001,hi,SP,Party Handle,samajwadiparty,P
166002,hi,SP,Party Handle,samajwadiparty,P
166005,hi,SP,Party Handle,samajwadiparty,N
166030,hi,SP,Party Handle,samajwadiparty,N
166031,hi,SP,Party Handle,samajwadiparty,N
166062,hi,SP,Party Handle,samajwadiparty,N
166089,hi,SP,Party Handle,samajwadiparty,P
166103,hi,SP,Party Handle,samajwadiparty,N
166106,hi,SP,Party Handle,samajwadiparty,T
166109,hi,SP,Party Handle,samajwadiparty,N
166110,hi,SP,Party Handle,samajwadiparty,T
166119,hi,SP,Party Handle,samajwadiparty,N
166129,hi,SP,Party Handle,samajwadiparty,N
166133,hi,SP,Party Handle,samajwadiparty,N
166134,hi,SP,Party Handle,samajwadiparty,N
166136,hi,SP,Party Handle,samajwadiparty,N
166137,hi,SP,Party Handle,samajwadiparty,N
166143,hi,SP,Party Handle,samajwadiparty,P
166144,hi,SP,Party Handle,samajwadiparty,P
166147,hi,SP,Party Handle,samajwadiparty,P
166155,hi,SP,Party Handle,samajwadiparty,N
166157,hi,SP,Party Handle,samajwadiparty,N
166158,hi,SP,Party Handle,samajwadiparty,N
166178,hi,SP,Party Handle,samajwadiparty,T
166182,hi,SP,Party Handle,samajwadiparty,P
166183,hi,SP,Party Handle,samajwadiparty,N
166185,hi,SP,Party Handle,samajwadiparty,N
166199,hi,SP,Party Handle,samajwadiparty,P
166202,hi,SP,Party Handle,samajwadiparty,P
166206,hi,SP,Party Handle,samajwadiparty,N
166215,hi,SP,Party Handle,samajwadiparty,N
166218,hi,SP,Party Handle,samajwadiparty,N
166243,hi,SP,Party Handle,samajwadiparty,N
166254,hi,SP,Party Handle,samajwadiparty,N
166258,hi,SP,Party Handle,samajwadiparty,T
166259,hi,SP,Party Handle,samajwadiparty,P
166266,hi,SP,Party Handle,samajwadiparty,N
166285,hi,SP,Party Handle,samajwadiparty,N
166297,hi,SP,Party Handle,samajwadiparty,P
166334,hi,SP,Party Handle,samajwadiparty,N
166350,hi,SP,Party Handle,samajwadiparty,T
166351,hi,SP,Party Handle,samajwadiparty,N
166353,hi,SP,Party Handle,samajwadiparty,N
166354,hi,SP,Party Handle,samajwadiparty,N
166372,hi,SP,Party Handle,samajwadiparty,T
166394,hi,SP,Party Handle,samajwadiparty,P
166409,hi,SP,Party Handle,samajwadiparty,T
166411,hi,SP,Party Handle,samajwadiparty,N
166417,hi,SP,Party Handle,samajwadiparty,P
166434,hi,SP,Party Handle,samajwadiparty,N
166437,hi,SP,Party Handle,samajwadiparty,T
166445,hi,SP,Party Handle,samajwadiparty,N
166447,hi,SP,Party Handle,samajwadiparty,N
166465,hi,SP,Party Handle,samajwadiparty,N
166466,hi,SP,Party Handle,samajwadiparty,T
166472,hi,SP,Party Handle,samajwadiparty,P
166473,hi,SP,Party Handle,samajwadiparty,T
166488,hi,SP,Party Handle,samajwadiparty,P
166492,hi,SP,Party Handle,samajwadiparty,N
166500,hi,SP,Party Handle,samajwadiparty,T
166521,hi,SP,Party Handle,samajwadiparty,P
166522,hi,SP,Party Handle,samajwadiparty,N
166523,hi,SP,Party Handle,samajwadiparty,N
166524,hi,SP,Party Handle,samajwadiparty,N
166525,hi,SP,Party Handle,samajwadiparty,N
166527,hi,SP,Party Handle,samajwadiparty,N
166540,hi,SP,Party Handle,samajwadiparty,N
166554,hi,SP,Party Handle,samajwadiparty,N
166577,hi,SP,Party Handle,samajwadiparty,N
166580,hi,SP,Party Handle,samajwadiparty,T
166586,hi,SP,Party Handle,samajwadiparty,N
166600,hi,SP,Party Handle,samajwadiparty,N
166607,hi,SP,Party Handle,samajwadiparty,N
166609,hi,SP,Party Handle,samajwadiparty,T
166610,hi,SP,Party Handle,samajwadiparty,T
166611,hi,SP,Party Handle,samajwadiparty,N
166615,hi,SP,Party Handle,samajwadiparty,N
166618,hi,SP,Party Handle,samajwadiparty,N
166635,hi,SP,Party Handle,samajwadiparty,T
166658,hi,SP,Party Handle,samajwadiparty,N
166663,hi,SP,Party Handle,samajwadiparty,N
166668,hi,SP,Party Handle,samajwadiparty,N
166670,hi,SP,Party Handle,samajwadiparty,N
166674,hi,SP,Party Handle,samajwadiparty,N
166685,hi,SP,Party Handle,samajwadiparty,N
166715,hi,SP,Party Handle,samajwadiparty,P
166719,hi,SP,Party Handle,samajwadiparty,P
166728,hi,SP,Party Handle,samajwadiparty,N
166764,hi,SP,Party Handle,samajwadiparty,N
166792,hi,SP,Party Handle,samajwadiparty,N
166801,hi,SP,Party Handle,samajwadiparty,P
166829,hi,SP,Party Handle,samajwadiparty,N
166840,hi,SP,Party Handle,samajwadiparty,N
166844,hi,SP,Party Handle,samajwadiparty,N
166845,hi,SP,Party Handle,samajwadiparty,N
166846,hi,SP,Party Handle,samajwadiparty,N
166850,hi,SP,Party Handle,samajwadiparty,N
166854,hi,SP,Party Handle,samajwadiparty,N
166855,hi,SP,Party Handle,samajwadiparty,P
166856,hi,SP,Party Handle,samajwadiparty,P
166862,hi,SP,Party Handle,samajwadiparty,N
166873,hi,SP,Party Handle,samajwadiparty,N
166893,hi,SP,Party Handle,samajwadiparty,N
166894,hi,SP,Party Handle,samajwadiparty,N
166895,hi,SP,Party Handle,samajwadiparty,P
166904,hi,SP,Party Handle,samajwadiparty,P
166920,hi,SP,Party Handle,samajwadiparty,P
166947,hi,SP,Party Handle,samajwadiparty,N
166975,hi,SP,Party Handle,samajwadiparty,P
167027,hi,SP,Party Handle,samajwadiparty,T
167036,hi,SP,Party Handle,samajwadiparty,P
167040,hi,SP,Party Handle,samajwadiparty,T
167042,hi,SP,Party Handle,samajwadiparty,N
167055,hi,SP,Party Handle,samajwadiparty,N
167066,hi,SP,Party Handle,samajwadiparty,N
167070,hi,SP,Party Handle,samajwadiparty,N
167081,hi,SP,Party Handle,samajwadiparty,N
167083,hi,SP,Party Handle,samajwadiparty,N
167092,hi,SP,Party Handle,samajwadiparty,T
167097,hi,SP,Party Handle,samajwadiparty,T
167098,hi,SP,Party Handle,samajwadiparty,N
167099,hi,SP,Party Handle,samajwadiparty,T
167129,hi,SP,Party Handle,samajwadiparty,T
167135,hi,SP,Party Handle,samajwadiparty,P
167144,hi,SP,Party Handle,samajwadiparty,N
167145,hi,SP,Party Handle,samajwadiparty,P
167146,hi,SP,Party Handle,samajwadiparty,N
167152,hi,SP,Party Handle,samajwadiparty,N
167153,hi,SP,Party Handle,samajwadiparty,N
167167,hi,SP,Party Handle,samajwadiparty,N
167175,hi,SP,Party Handle,samajwadiparty,N
167182,hi,SP,Party Handle,samajwadiparty,N
167201,hi,SP,Party Handle,samajwadiparty,P
167203,hi,SP,Party Handle,samajwadiparty,T
167262,hi,SP,Party Handle,samajwadiparty,P
167263,hi,SP,Party Handle,samajwadiparty,T
167267,hi,SP,Party Handle,samajwadiparty,N
167269,hi,SP,Party Handle,samajwadiparty,P
167270,hi,SP,Party Handle,samajwadiparty,N
167272,hi,SP,Party Handle,samajwadiparty,N
167279,hi,SP,Party Handle,samajwadiparty,N
167303,hi,SP,Party Handle,samajwadiparty,N
167309,hi,SP,Party Handle,samajwadiparty,N
167326,hi,SP,Party Handle,samajwadiparty,N
167328,hi,SP,Party Handle,samajwadiparty,N
167339,hi,SP,Party Handle,samajwadiparty,N
167340,hi,SP,Party Handle,samajwadiparty,N
167342,hi,SP,Party Handle,samajwadiparty,N
167344,hi,SP,Party Handle,samajwadiparty,N
167345,hi,SP,Party Handle,samajwadiparty,N
167346,hi,SP,Party Handle,samajwadiparty,N
167348,hi,SP,Party Handle,samajwadiparty,N
167353,hi,SP,Party Handle,samajwadiparty,N
167366,hi,SP,Party Handle,samajwadiparty,N
167381,hi,SP,Party Handle,samajwadiparty,P
167386,hi,SP,Party Handle,samajwadiparty,N
167387,hi,SP,Party Handle,samajwadiparty,N
167388,hi,SP,Party Handle,samajwadiparty,N
167390,hi,SP,Party Handle,samajwadiparty,T
167407,hi,SP,Party Handle,samajwadiparty,N
167408,hi,SP,Party Handle,samajwadiparty,N
167411,hi,SP,Party Handle,samajwadiparty,N
167416,hi,SP,Party Handle,samajwadiparty,N
167417,hi,SP,Party Handle,samajwadiparty,N
167419,hi,SP,Party Handle,samajwadiparty,N
167420,hi,SP,Party Handle,samajwadiparty,N
167424,hi,SP,Party Handle,samajwadiparty,N
167434,hi,SP,Party Handle,samajwadiparty,N
167444,hi,SP,Party Handle,samajwadiparty,N
167447,hi,SP,Party Handle,samajwadiparty,P
167448,hi,SP,Party Handle,samajwadiparty,N
167470,hi,SP,Party Handle,samajwadiparty,N
167474,hi,SP,Party Handle,samajwadiparty,N
167478,hi,SP,Party Handle,samajwadiparty,N
167490,hi,SP,Party Handle,samajwadiparty,N
167492,hi,SP,Party Handle,samajwadiparty,N
167498,hi,SP,Party Handle,samajwadiparty,N
167501,hi,SP,Party Handle,samajwadiparty,N
167502,hi,SP,Party Handle,samajwadiparty,P
167524,hi,SP,Party Handle,samajwadiparty,P
167525,hi,SP,Party Handle,samajwadiparty,T
167535,hi,SP,Party Handle,samajwadiparty,N
167536,hi,SP,Party Handle,samajwadiparty,P
167538,hi,SP,Party Handle,samajwadiparty,N
167539,hi,SP,Party Handle,samajwadiparty,N
167546,hi,SP,Party Handle,samajwadiparty,P
167558,hi,SP,Party Handle,samajwadiparty,N
167559,hi,SP,Party Handle,samajwadiparty,N
167563,hi,SP,Party Handle,samajwadiparty,N
167578,hi,SP,Party Handle,samajwadiparty,T
167584,hi,SP,Party Handle,samajwadiparty,P
167585,hi,SP,Party Handle,samajwadiparty,N
167586,hi,SP,Party Handle,samajwadiparty,N
167588,hi,SP,Party Handle,samajwadiparty,N
167606,hi,SP,Party Handle,samajwadiparty,N
167610,hi,SP,Party Handle,samajwadiparty,N
167618,hi,SP,Party Handle,samajwadiparty,N
167624,hi,SP,Party Handle,samajwadiparty,N
167625,hi,SP,Party Handle,samajwadiparty,N
167630,hi,SP,Party Handle,samajwadiparty,N
167643,hi,SP,Party Handle,samajwadiparty,T
167655,hi,SP,Party Handle,samajwadiparty,N
167657,hi,SP,Party Handle,samajwadiparty,N
167660,hi,SP,Party Handle,samajwadiparty,N
167663,hi,SP,Party Handle,samajwadiparty,N
167688,hi,SP,Party Handle,samajwadiparty,P
167691,hi,SP,Party Handle,samajwadiparty,N
167692,hi,SP,Party Handle,samajwadiparty,N
167694,hi,SP,Party Handle,samajwadiparty,N
167695,hi,SP,Party Handle,samajwadiparty,T
167707,hi,SP,Party Handle,samajwadiparty,T
167713,hi,SP,Party Handle,samajwadiparty,N
167714,hi,SP,Party Handle,samajwadiparty,N
167715,hi,SP,Party Handle,samajwadiparty,N
167716,hi,SP,Party Handle,samajwadiparty,N
167717,hi,SP,Party Handle,samajwadiparty,N
167723,hi,SP,Party Handle,samajwadiparty,N
167736,hi,SP,Party Handle,samajwadiparty,N
167751,hi,SP,Party Handle,samajwadiparty,N
167755,hi,SP,Party Handle,samajwadiparty,N
167756,hi,SP,Party Handle,samajwadiparty,N
167758,hi,SP,Party Handle,samajwadiparty,N
167760,hi,SP,Party Handle,samajwadiparty,N
167777,hi,SP,Party Handle,samajwadiparty,P
167780,hi,SP,Party Handle,samajwadiparty,N
167781,hi,SP,Party Handle,samajwadiparty,N
167783,hi,SP,Party Handle,samajwadiparty,N
167795,hi,SP,Party Handle,samajwadiparty,P
167802,hi,SP,Party Handle,samajwadiparty,P
167809,hi,SP,Party Handle,samajwadiparty,N
167810,hi,SP,Party Handle,samajwadiparty,N
167811,hi,SP,Party Handle,samajwadiparty,N
167812,hi,SP,Party Handle,samajwadiparty,N
167813,hi,SP,Party Handle,samajwadiparty,T
167815,hi,SP,Party Handle,samajwadiparty,T
167817,hi,SP,Party Handle,samajwadiparty,N
167820,hi,SP,Party Handle,samajwadiparty,P
167825,hi,SP,Party Handle,samajwadiparty,N
167835,hi,SP,Party Handle,samajwadiparty,N
167836,hi,SP,Party Handle,samajwadiparty,N
167837,hi,SP,Party Handle,samajwadiparty,N
167838,hi,SP,Party Handle,samajwadiparty,N
167839,hi,SP,Party Handle,samajwadiparty,P
167841,hi,SP,Party Handle,samajwadiparty,P
167844,hi,SP,Party Handle,samajwadiparty,T
167855,hi,SP,Party Handle,samajwadiparty,P
167863,hi,SP,Party Handle,samajwadiparty,N
167867,hi,SP,Party Handle,samajwadiparty,N
167877,hi,SP,Party Handle,samajwadiparty,N
167884,hi,SP,Party Handle,samajwadiparty,N
167885,hi,SP,Party Handle,samajwadiparty,N
167886,hi,SP,Party Handle,samajwadiparty,N
167891,hi,SP,Party Handle,samajwadiparty,P
167901,hi,SP,Party Handle,samajwadiparty,P
167902,hi,SP,Party Handle,samajwadiparty,N
167907,hi,SP,Party Handle,samajwadiparty,N
167918,hi,SP,Party Handle,samajwadiparty,P
167919,hi,SP,Party Handle,samajwadiparty,N
167920,hi,SP,Party Handle,samajwadiparty,N
167924,hi,SP,Party Handle,samajwadiparty,T
167926,hi,SP,Party Handle,samajwadiparty,P
167942,hi,SP,Party Handle,samajwadiparty,T
167963,hi,SP,Party Handle,samajwadiparty,N
167965,hi,SP,Party Handle,samajwadiparty,N
167973,hi,SP,Party Handle,samajwadiparty,N
167984,hi,SP,Party Handle,samajwadiparty,N
167986,hi,SP,Party Handle,samajwadiparty,N
167987,hi,SP,Party Handle,samajwadiparty,N
167990,hi,SP,Party Handle,samajwadiparty,P
167991,hi,SP,Party Handle,samajwadiparty,P
168002,hi,SP,Party Handle,samajwadiparty,T
168003,hi,SP,Party Handle,samajwadiparty,N
168005,hi,SP,Party Handle,samajwadiparty,N
168006,hi,SP,Party Handle,samajwadiparty,P
168009,hi,SP,Party Handle,samajwadiparty,T
168013,hi,SP,Party Handle,samajwadiparty,N
168017,hi,SP,Party Handle,samajwadiparty,N
168018,hi,SP,Party Handle,samajwadiparty,N
168019,hi,SP,Party Handle,samajwadiparty,N
168020,hi,SP,Party Handle,samajwadiparty,T
168021,hi,SP,Party Handle,samajwadiparty,N
168024,hi,SP,Party Handle,samajwadiparty,N
168025,hi,SP,Party Handle,samajwadiparty,T
168031,hi,SP,Party Handle,samajwadiparty,N
168035,hi,SP,Party Handle,samajwadiparty,N
168038,hi,SP,Party Handle,samajwadiparty,N
168042,hi,SP,Party Handle,samajwadiparty,N
168044,hi,SP,Party Handle,samajwadiparty,N
168045,hi,SP,Party Handle,samajwadiparty,N
168046,hi,SP,Party Handle,samajwadiparty,N
168060,hi,SP,Party Handle,samajwadiparty,N
168061,hi,SP,Party Handle,samajwadiparty,N
168071,hi,SP,Party Handle,samajwadiparty,N
168087,hi,SP,Party Handle,samajwadiparty,N
168092,hi,SP,Party Handle,samajwadiparty,P
168096,hi,SP,Party Handle,samajwadiparty,P
168099,hi,SP,Party Handle,samajwadiparty,T
168100,hi,SP,Party Handle,samajwadiparty,T
168104,hi,SP,Party Handle,samajwadiparty,P
168105,hi,SP,Party Handle,samajwadiparty,N
168117,hi,SP,Party Handle,samajwadiparty,P
168134,hi,SP,Party Handle,samajwadiparty,N
168136,hi,SP,Party Handle,samajwadiparty,N
168145,hi,SP,Party Handle,samajwadiparty,N
168153,hi,SP,Party Handle,samajwadiparty,N
168163,hi,SP,Party Handle,samajwadiparty,N
168167,hi,SP,Party Handle,samajwadiparty,N
168169,hi,SP,Party Handle,samajwadiparty,N
168185,hi,SP,Party Handle,samajwadiparty,N
168236,hi,AIMIM,Party Handle,aimim_national,N
168369,hi,AIMIM,Party Handle,aimim_national,N
168478,hi,AIMIM,Party Handle,aimim_national,T
168479,hi,AIMIM,Party Handle,aimim_national,P
168481,hi,AIMIM,Party Handle,aimim_national,P
168497,hi,AIMIM,Party Handle,aimim_national,P
168542,hi,AIMIM,Party Handle,aimim_national,N
168593,hi,AIMIM,Party Handle,aimim_national,T
168721,hi,AIMIM,Party Handle,aimim_national,P
